{
  "DNN_SHAP": {
    "time_per_sample_ms": 58.58542323112488,
    "total_time_s": 292.9271161556244,
    "summary_plot_time_s": 1.8762719631195068
  },
  "DNN_LIME": {
    "time_per_sample_ms": 36.534597063064574,
    "total_time_s": 182.67298531532288,
    "summary_plot_time_s": 1.776397705078125
  },
  "DNN_IG": {
    "time_per_sample_ms": 0.7093719959259034,
    "total_time_s": 3.5468599796295166,
    "summary_plot_time_s": 1.784851312637329
  },
  "DNN_DeepLIFT": {
    "time_per_sample_ms": 0.02905516624450684,
    "total_time_s": 0.14527583122253418,
    "summary_plot_time_s": 1.804072380065918
  },
  "RF_SHAP": {
    "time_per_sample_ms": 16.89724645614624,
    "total_time_s": 84.4862322807312,
    "summary_plot_time_s": 1.837850570678711
  },
  "RF_LIME": {
    "time_per_sample_ms": 54.4339234828949,
    "total_time_s": 272.1696174144745,
    "summary_plot_time_s": 1.7633254528045654
  },
  "XGB_SHAP": {
    "time_per_sample_ms": 0.1206162452697754,
    "total_time_s": 0.603081226348877,
    "summary_plot_time_s": 1.8053374290466309
  },
  "XGB_LIME": {
    "time_per_sample_ms": 103.86739654541016,
    "total_time_s": 519.3369827270508,
    "summary_plot_time_s": 1.7978541851043701
  }
}