{
  "dnn": {
    "accuracy": 0.8968400424593778,
    "f1_weighted": 0.896084830451255,
    "auc_roc": 0.9883810313137246,
    "train_time_seconds": 57.85544204711914
  },
  "rf": {
    "accuracy": 0.8995345798971177,
    "f1_weighted": 0.8985901412055244,
    "auc_roc": 0.9884133405423826,
    "train_time_seconds": 1.754641056060791
  },
  "xgb": {
    "accuracy": 0.9112925614436188,
    "f1_weighted": 0.9103536950577544,
    "auc_roc": 0.9909732741339723,
    "train_time_seconds": 7.334277153015137
  }
}