{
  "DNN_SHAP": {
    "time_per_sample_ms": 30.634209537506106,
    "total_time_s": 153.17104768753052,
    "summary_plot_time_s": 1.822141170501709
  },
  "DNN_LIME": {
    "time_per_sample_ms": 603.3489702224731,
    "total_time_s": 3016.7448511123657,
    "summary_plot_time_s": 1.7963957786560059
  },
  "RF_SHAP": {
    "time_per_sample_ms": 412.092408323288,
    "total_time_s": 2060.46204161644,
    "summary_plot_time_s": 1.7926321029663086
  },
  "RF_LIME": {
    "time_per_sample_ms": 63.425115299224856,
    "total_time_s": 317.12557649612427,
    "summary_plot_time_s": 1.8020033836364746
  },
  "XGB_SHAP": {
    "time_per_sample_ms": 401.5884866237641,
    "total_time_s": 2007.9424331188202,
    "summary_plot_time_s": 1.7904911041259766
  },
  "XGB_LIME": {
    "time_per_sample_ms": 63.42862181663512,
    "total_time_s": 317.14310908317566,
    "summary_plot_time_s": 1.7921600341796875
  },
  "DNN_IG": {
    "time_per_sample_ms": 59.049333524703975,
    "total_time_s": 295.2466676235199,
    "summary_plot_time_s": 2.007049322128296
  },
  "DNN_DeepLIFT": {
    "time_per_sample_ms": 4.005365943908691,
    "total_time_s": 20.026829719543457,
    "summary_plot_time_s": 1.795612096786499
  }
}