{
  "DNN_SHAP": {
    "time_per_sample_ms": 29.72300250530243,
    "total_time_s": 297.2300250530243,
    "summary_plot_time_s": 3.0944509506225586
  },
  "DNN_LIME": {
    "time_per_sample_ms": 17.156042194366456,
    "total_time_s": 171.56042194366455,
    "summary_plot_time_s": 3.0555617809295654
  },
  "DNN_IG": {
    "time_per_sample_ms": 57.839344358444215,
    "total_time_s": 578.3934435844421,
    "summary_plot_time_s": 3.007131576538086
  },
  "DNN_DeepLIFT": {
    "time_per_sample_ms": 4.019618487358093,
    "total_time_s": 40.19618487358093,
    "summary_plot_time_s": 3.0117533206939697
  },
  "RF_SHAP": {
    "time_per_sample_ms": 227.40018537044526,
    "total_time_s": 2274.0018537044525,
    "summary_plot_time_s": 3.1918294429779053
  },
  "RF_LIME": {
    "time_per_sample_ms": 440.71272327899936,
    "total_time_s": 4407.127232789993,
    "summary_plot_time_s": 3.065392017364502
  },
  "XGB_SHAP": {
    "time_per_sample_ms": 399.2812760591507,
    "total_time_s": 3992.812760591507,
    "summary_plot_time_s": 3.0435664653778076
  },
  "XGB_LIME": {
    "time_per_sample_ms": 402.71555960178375,
    "total_time_s": 4027.1555960178375,
    "summary_plot_time_s": 3.3347463607788086
  },
  "CNN-LSTM_SHAP": {
    "time_per_sample_ms": 278.12467494010923,
    "total_time_s": 2781.2467494010925,
    "summary_plot_time_s": 3.0373687744140625
  },
  "CNN-LSTM_LIME": {
    "time_per_sample_ms": 17.166207933425902,
    "total_time_s": 171.66207933425903,
    "summary_plot_time_s": 3.035396099090576
  },
  "CNN-LSTM_IG": {
    "time_per_sample_ms": 107.20391368865967,
    "total_time_s": 1072.0391368865967,
    "summary_plot_time_s": 3.005326509475708
  },
  "CNN-LSTM_DeepLIFT": {
    "time_per_sample_ms": 5.7648676395416265,
    "total_time_s": 57.64867639541626,
    "summary_plot_time_s": 3.016233444213867
  },
  "CNN-GRU_SHAP": {
    "time_per_sample_ms": 735.514589881897,
    "total_time_s": 7355.14589881897,
    "summary_plot_time_s": 3.0222864151000977
  },
  "CNN-GRU_LIME": {
    "time_per_sample_ms": 17.292556905746462,
    "total_time_s": 172.9255690574646,
    "summary_plot_time_s": 3.057398796081543
  },
  "CNN-GRU_IG": {
    "time_per_sample_ms": 1601.0323110342026,
    "total_time_s": 16010.323110342026,
    "summary_plot_time_s": 3.0213747024536133
  },
  "CNN-GRU_DeepLIFT": {
    "time_per_sample_ms": 31.14048137664795,
    "total_time_s": 311.4048137664795,
    "summary_plot_time_s": 3.1151092052459717
  }
}