{
  "unsw-nb15": {
    "explain": {
      "SHAP_DNN": {
        "time_per_sample_ms": 2354.979373502731,
        "total_time_s": 11774.896867513657,
        "summary_plot_time_s": 1.8127288818359375
      },
      "LIME_DNN": {
        "time_per_sample_ms": 2276.5402009010318,
        "total_time_s": 11382.701004505157,
        "summary_plot_time_s": 1.773777723312378
      },
      "SHAP_RF": {
        "time_per_sample_ms": 147.94041266441346,
        "total_time_s": 739.7020633220673,
        "summary_plot_time_s": 1.79935622215271
      },
      "LIME_RF": {
        "time_per_sample_ms": 2320.001428937912,
        "total_time_s": 11600.00714468956,
        "summary_plot_time_s": 1.7866976261138916
      },
      "SHAP_XGB": {
        "time_per_sample_ms": 2260.1160181045534,
        "total_time_s": 11300.580090522766,
        "summary_plot_time_s": 1.7797293663024902
      },
      "LIME_XGB": {
        "time_per_sample_ms": 2320.179418325424,
        "total_time_s": 11600.897091627121,
        "summary_plot_time_s": 1.862311840057373
      },
      "IG_DNN": {
        "time_per_sample_ms": 50.252834463119505,
        "total_time_s": 251.26417231559753,
        "summary_plot_time_s": 1.811826467514038
      },
      "DeepLIFT_DNN": {
        "time_per_sample_ms": 11.915997886657715,
        "total_time_s": 59.579989433288574,
        "summary_plot_time_s": 2.0311684608459473
      }
    },
    "evaluate": [
      {
        "method": "SHAP",
        "model": "DNN",
        "baseline_f1": 0.8985841691486365,
        "baseline_auc": 0.9888872259631204,
        "f1_drop_k5": 0.2625423067267979,
        "auc_drop_k5": 0.21176880906270923,
        "masked_f1_k5": 0.6360418624218386,
        "masked_auc_k5": 0.7771184169004112,
        "f1_drop_k10": 0.27430809606477535,
        "auc_drop_k10": 0.40595575527832584,
        "masked_f1_k10": 0.6242760730838611,
        "masked_auc_k10": 0.5829314706847946,
        "f1_drop_k15": 0.27956211935130015,
        "auc_drop_k15": 0.4112644713797776,
        "masked_f1_k15": 0.6190220497973363,
        "masked_auc_k15": 0.5776227545833428,
        "faithfulness_correlation": 0.6041139358536519,
        "faithfulness_p_value": 5.994047843197533e-09,
        "sparsity_tau_0.0": 0.0,
        "sparsity_tau_0.1": 0.8719090909090909,
        "sparsity_tau_0.2": 0.9285792207792207,
        "sparsity_tau_0.3": 0.956374025974026,
        "sparsity_tau_0.4": 0.9660909090909091,
        "sparsity_tau_0.5": 0.9711792207792208,
        "sparsity_tau_0.6": 0.9758311688311688,
        "sparsity_tau_0.7": 0.9806727272727273,
        "sparsity_tau_0.8": 0.9832909090909091,
        "sparsity_tau_0.9": 0.9859402597402598,
        "sparsity_tau_1.0": 0.987012987012987,
        "sparsity_mean": 0.8719090909090909,
        "complexity_mean_entropy": 3.7493479654804767,
        "complexity_std_entropy": 0.2862581694381499,
        "complexity_normalized": 0.5982887626909221,
        "time_per_sample_ms": 2354.979373502731,
        "total_time_s": 11774.896867513657,
        "samples_per_second": 0.4246321692884416,
        "stability_jaccard_mean": 1.0,
        "stability_jaccard_std": 0.0,
        "completeness_success_rate": 1.0,
        "completeness_total_tested": 500,
        "completeness_successes": 500,
        "completeness_axiom_valid": false,
        "completeness_axiom_mae": 32.643995356387485,
        "completeness_axiom_pass_rate": 0.0,
        "dataset": "unsw-nb15"
      },
      {
        "method": "LIME",
        "model": "DNN",
        "baseline_f1": 0.8985841691486365,
        "baseline_auc": 0.9888872259631204,
        "f1_drop_k5": 0.039916295645390676,
        "auc_drop_k5": 0.01273376838369411,
        "masked_f1_k5": 0.8586678735032458,
        "masked_auc_k5": 0.9761534575794263,
        "f1_drop_k10": 0.07957145089728901,
        "auc_drop_k10": 0.014796456474232667,
        "masked_f1_k10": 0.8190127182513475,
        "masked_auc_k10": 0.9740907694888877,
        "f1_drop_k15": 0.08686066949862192,
        "auc_drop_k15": 0.016064902505149137,
        "masked_f1_k15": 0.8117234996500146,
        "masked_auc_k15": 0.9728223234579713,
        "faithfulness_correlation": -0.14256571768661036,
        "faithfulness_p_value": 0.21613297478552765,
        "sparsity_tau_0.0": 0.0,
        "sparsity_tau_0.1": 0.7060779220779221,
        "sparsity_tau_0.2": 0.8140103896103896,
        "sparsity_tau_0.3": 0.8754311688311688,
        "sparsity_tau_0.4": 0.9118571428571428,
        "sparsity_tau_0.5": 0.935509090909091,
        "sparsity_tau_0.6": 0.9529506493506493,
        "sparsity_tau_0.7": 0.9653896103896104,
        "sparsity_tau_0.8": 0.9738441558441558,
        "sparsity_tau_0.9": 0.9809038961038961,
        "sparsity_tau_1.0": 0.9872363636363637,
        "sparsity_mean": 0.7060779220779221,
        "complexity_mean_entropy": 3.9495110511779785,
        "complexity_std_entropy": 1.6742364168167114,
        "complexity_normalized": 0.6302290696405357,
        "time_per_sample_ms": 2276.5402009010318,
        "total_time_s": 11382.701004505157,
        "samples_per_second": 0.4392630534721988,
        "stability_jaccard_mean": 0.5447372072372072,
        "stability_jaccard_std": 0.1422613594685246,
        "completeness_success_rate": 1.0,
        "completeness_total_tested": 500,
        "completeness_successes": 500,
        "completeness_axiom_valid": false,
        "completeness_axiom_mae": 0.7673429846763611,
        "completeness_axiom_pass_rate": 0.06,
        "dataset": "unsw-nb15"
      },
      {
        "method": "SHAP",
        "model": "RF",
        "baseline_f1": 0.8999593735129058,
        "baseline_auc": 0.989314025391877,
        "f1_drop_k5": 0.27419914500003306,
        "auc_drop_k5": 0.01216513753871129,
        "masked_f1_k5": 0.6257602285128727,
        "masked_auc_k5": 0.9771488878531657,
        "f1_drop_k10": 0.28135544731151285,
        "auc_drop_k10": 0.021892510279051924,
        "masked_f1_k10": 0.6186039262013929,
        "masked_auc_k10": 0.967421515112825,
        "f1_drop_k15": 0.28182604648176246,
        "auc_drop_k15": 0.05774336781755707,
        "masked_f1_k15": 0.6181333270311433,
        "masked_auc_k15": 0.9315706575743199,
        "faithfulness_correlation": 0.8992123415921014,
        "faithfulness_p_value": 1.2079727409671351e-28,
        "sparsity_tau_0.0": 0.0,
        "sparsity_tau_0.1": 0.7155896103896104,
        "sparsity_tau_0.2": 0.8586389610389611,
        "sparsity_tau_0.3": 0.9124831168831169,
        "sparsity_tau_0.4": 0.9400597402597403,
        "sparsity_tau_0.5": 0.9537532467532468,
        "sparsity_tau_0.6": 0.9676467532467532,
        "sparsity_tau_0.7": 0.9744077922077922,
        "sparsity_tau_0.8": 0.9807168831168831,
        "sparsity_tau_0.9": 0.9850103896103896,
        "sparsity_tau_1.0": 0.987012987012987,
        "sparsity_mean": 0.7155896103896104,
        "complexity_mean_entropy": 4.800893766408619,
        "complexity_std_entropy": 0.19408996928534103,
        "complexity_normalized": 0.7660854147868048,
        "time_per_sample_ms": 147.94041266441346,
        "total_time_s": 739.7020633220673,
        "samples_per_second": 6.759478238501267,
        "stability_jaccard_mean": 1.0,
        "stability_jaccard_std": 0.0,
        "completeness_success_rate": 1.0,
        "completeness_total_tested": 500,
        "completeness_successes": 500,
        "completeness_axiom_valid": false,
        "completeness_axiom_mae": 0.4082114817555852,
        "completeness_axiom_pass_rate": 0.04,
        "dataset": "unsw-nb15"
      },
      {
        "method": "LIME",
        "model": "RF",
        "baseline_f1": 0.8999593735129058,
        "baseline_auc": 0.989314025391877,
        "f1_drop_k5": 0.023823901588438612,
        "auc_drop_k5": 0.0039824157709527075,
        "masked_f1_k5": 0.8761354719244672,
        "masked_auc_k5": 0.9853316096209243,
        "f1_drop_k10": 0.02125892804367746,
        "auc_drop_k10": 0.005598530660385848,