{
  "cic-ids-2017": {
    "train": {
      "dnn": {
        "accuracy": 0.9864928350972203,
        "f1_weighted": 0.9865534548516751,
        "auc_roc": 0.9993727935351796,
        "train_time_seconds": 276.2810628414154
      },
      "rf": {
        "accuracy": 0.9954566448551261,
        "f1_weighted": 0.9946411465199555,
        "auc_roc": 0.9998049282388963,
        "train_time_seconds": 17.39909052848816
      },
      "xgb": {
        "accuracy": 0.9987293670820837,
        "f1_weighted": 0.9987535708644837,
        "auc_roc": 0.9999786916350879,
        "train_time_seconds": 20.48530864715576
      }
    },
    "explain": {
      "LIME_DNN": {
        "time_per_sample_ms": 2951.598302125931,
        "total_time_s": 14757.991510629654,
        "summary_plot_time_s": 1.9638605117797852
      },
      "SHAP_RF": {
        "time_per_sample_ms": 233.3373507976532,
        "total_time_s": 1166.686753988266,
        "summary_plot_time_s": 1.8419489860534668
      },
      "LIME_RF": {
        "time_per_sample_ms": 3027.9293113231656,
        "total_time_s": 15139.64655661583,
        "summary_plot_time_s": 1.8384909629821777
      },
      "SHAP_XGB": {
        "time_per_sample_ms": 2929.824004125595,
        "total_time_s": 14649.120020627975,
        "summary_plot_time_s": 1.8347437381744385
      },
      "LIME_XGB": {
        "time_per_sample_ms": 3028.8007300376894,
        "total_time_s": 15144.003650188446,
        "summary_plot_time_s": 1.8612267971038818
      }
    },
    "evaluate": [
      {
        "method": "LIME",
        "model": "DNN",
        "baseline_f1": 0.9876954289953681,
        "baseline_auc": 0.9994251761196096,
        "f1_drop_k5": 0.020125806674637037,
        "auc_drop_k5": 0.0035608657946566424,
        "masked_f1_k5": 0.9675696223207311,
        "masked_auc_k5": 0.9958643103249529,
        "f1_drop_k10": 0.03349590051329676,
        "auc_drop_k10": 0.005208132350038475,
        "masked_f1_k10": 0.9541995284820713,
        "masked_auc_k10": 0.9942170437695711,
        "f1_drop_k15": 0.06300346636782417,
        "auc_drop_k15": 0.020741537226325102,
        "masked_f1_k15": 0.9246919626275439,
        "masked_auc_k15": 0.9786836388932845,
        "faithfulness_correlation": -0.05424603676651988,
        "faithfulness_p_value": 0.6349194858702862,
        "sparsity_tau_0.0": 0.0,
        "sparsity_tau_0.1": 0.6281746835443038,
        "sparsity_tau_0.2": 0.7678227848101266,
        "sparsity_tau_0.3": 0.8451443037974683,
        "sparsity_tau_0.4": 0.893559493670886,
        "sparsity_tau_0.5": 0.9255367088607594,
        "sparsity_tau_0.6": 0.9471746835443038,
        "sparsity_tau_0.7": 0.9614025316455697,
        "sparsity_tau_0.8": 0.9707898734177215,
        "sparsity_tau_0.9": 0.977493670886076,
        "sparsity_tau_1.0": 0.9872810126582279,
        "sparsity_mean": 0.6281746835443038,
        "complexity_mean_entropy": 4.6759133653666725,
        "complexity_std_entropy": 1.1549377491934891,
        "complexity_normalized": 0.7417633246078285,
        "time_per_sample_ms": 2951.598302125931,
        "total_time_s": 14757.991510629654,
        "samples_per_second": 0.33879949018798927,
        "stability_jaccard_mean": 0.4532463580451196,
        "stability_jaccard_std": 0.11506528425839568,
        "completeness_success_rate": 1.0,
        "completeness_total_tested": 500,
        "completeness_successes": 500,
        "completeness_axiom_valid": false,
        "completeness_axiom_mae": 0.66052769305719,
        "completeness_axiom_pass_rate": 0.14,
        "dataset": "cic-ids-2017"
      },
      {
        "method": "SHAP",
        "model": "RF",
        "baseline_f1": 0.996688304325279,
        "baseline_auc": 0.9998368685431677,
        "f1_drop_k5": 0.040588736445045126,
        "auc_drop_k5": 0.0006687127844723362,
        "masked_f1_k5": 0.9560995678802339,
        "masked_auc_k5": 0.9991681557586953,
        "f1_drop_k10": 0.2401426751645237,
        "auc_drop_k10": 0.008914346638440707,
        "masked_f1_k10": 0.7565456291607553,
        "masked_auc_k10": 0.990922521904727,
        "f1_drop_k15": 0.2401426751645237,
        "auc_drop_k15": 0.15872114066543075,
        "masked_f1_k15": 0.7565456291607553,
        "masked_auc_k15": 0.8411157278777369,
        "faithfulness_correlation": 0.8763292506522093,
        "faithfulness_p_value": 3.869447912820827e-26,
        "sparsity_tau_0.0": 0.0,
        "sparsity_tau_0.1": 0.6397645569620253,
        "sparsity_tau_0.2": 0.7772607594936709,
        "sparsity_tau_0.3": 0.8569949367088607,
        "sparsity_tau_0.4": 0.9120253164556962,
        "sparsity_tau_0.5": 0.9430430379746836,
        "sparsity_tau_0.6": 0.9611164556962025,
        "sparsity_tau_0.7": 0.9723417721518988,
        "sparsity_tau_0.8": 0.9791367088607595,
        "sparsity_tau_0.9": 0.9841468354430379,
        "sparsity_tau_1.0": 0.9873417721518988,
        "sparsity_mean": 0.6397645569620253,
        "complexity_mean_entropy": 5.102193230109861,
        "complexity_std_entropy": 0.14932459087514946,
        "complexity_normalized": 0.80938621343791,
        "time_per_sample_ms": 233.3373507976532,
        "total_time_s": 1166.686753988266,
        "samples_per_second": 4.285640496823784,
        "stability_jaccard_mean": 1.0,
        "stability_jaccard_std": 0.0,
        "completeness_success_rate": 1.0,
        "completeness_total_tested": 500,
        "completeness_successes": 500,
        "completeness_axiom_valid": false,
        "completeness_axiom_mae": 0.12442689280390522,
        "completeness_axiom_pass_rate": 0.04,
        "dataset": "cic-ids-2017"
      },
      {
        "method": "LIME",
        "model": "RF",
        "baseline_f1": 0.996688304325279,
        "baseline_auc": 0.9998368685431677,
        "f1_drop_k5": 0.04826915240636165,
        "auc_drop_k5": 0.0005542769812522108,
        "masked_f1_k5": 0.9484191519189173,
        "masked_auc_k5": 0.9992825915619155,
        "f1_drop_k10": 0.19271069302681576,
        "auc_drop_k10": 0.005505157286959328,
        "masked_f1_k10": 0.8039776112984632,
        "masked_auc_k10": 0.9943317112562083,
        "f1_drop_k15": 0.2401426751645237,
        "auc_drop_k15": 0.06108281264696436,
        "masked_f1_k15": 0.7565456291607553,
        "masked_auc_k15": 0.9387540558962033,
        "faithfulness_correlation": 0.39015993502873064,
        "faithfulness_p_value": 0.000378673045172894,
        "sparsity_tau_0.0": 0.0,
        "sparsity_tau_0.1": 0.6331063291139241,
        "sparsity_tau_0.2": 0.7777873417721519,
        "sparsity_tau_0.3": 0.8579822784810126,
        "sparsity_tau_0.4": 0.9105392405063291,
        "sparsity_tau_0.5": 0.937706329113924,
        "sparsity_tau_0.6": 0.9528632911392405,
        "sparsity_tau_0.7": 0.9656835443037974,
        "sparsity_tau_0.8": 0.9751113924050633,
        "sparsity_tau_0.9": 0.9816227848101265,
        "sparsity_tau_1.0": 0.9873493670886075,
        "sparsity_mean": 0.6331063291139241,
        "complexity_mean_entropy": 4.927170711298573,
        "complexity_std_entropy": 0.8086581075221639,
        "complexity_normalized": 0.7816215233569772,
        "time_per_sample_ms": 3027.9293113231656,
        "total_time_s": 15139.64655661583,
        "samples_per_second": 0.33025870064417484,
        "stability_jaccard_mean": 0.6666082455556139,
        "stability_jaccard_std": 0.09146001726955352,
        "completeness_success_rate": 1.0,
        "completeness_total_tested": 500,
        "completeness_successes": 500,
        "completeness_axiom_valid": false,
        "completeness_axiom_mae": 0.6598102000148001,
        "completeness_axiom_pass_rate": 0.0,
        "dataset": "cic-ids-2017"
      },
      {
        "method": "SHAP",
        "model": "XGB",
        "baseline_f1": 0.9984678541694099,
        "baseline_auc": 0.9999755177784405,
        "f1_drop_k5": 0.2362901981872051,
        "auc_drop_k5": 0.01746742593404449,
        "masked_f1_k5": 0.7621776559822048,