{
  "explainer_a": "DNN_PA-DeepLIFT",
  "explainer_b": "RF_PA-LIME",
  "spearman_mean": 0.1620251391780948,
  "spearman_std": 0.07087987436818367,
  "kendall_mean": 0.11888625061350774,
  "kendall_std": 0.05292056768092059,
  "top_k_intersection": {
    "5": 0.043921568627450974,
    "10": 0.1084313725490196
  },
  "wilcoxon_statistic": 686.0,
  "wilcoxon_p_value": 0.0018207013053655602,
  "wilcoxon_reject_h0": true
}