{
  "explainer_a": "DNN_PA-LIME",
  "explainer_b": "RF_LIME",
  "spearman_mean": 0.04084922092529396,
  "spearman_std": 0.07079938075211097,
  "kendall_mean": 0.033582048711857354,
  "kendall_std": 0.058553394418684526,
  "top_k_intersection": {
    "5": 0.20470588235294118,
    "10": 0.19686274509803922
  },
  "wilcoxon_statistic": 19.0,
  "wilcoxon_p_value": 1.7719280759726127e-12,
  "wilcoxon_reject_h0": true
}