{
  "explainer_a": "DNN_PA-LIME",
  "explainer_b": "DNN_SHAP",
  "spearman_mean": 0.09018759007547385,
  "spearman_std": 0.07212555653423251,
  "kendall_mean": 0.06570445419626186,
  "kendall_std": 0.051073097659153265,
  "top_k_intersection": {
    "5": 0.19019607843137257,
    "10": 0.10470588235294119
  },
  "wilcoxon_statistic": 1098.0,
  "wilcoxon_p_value": 0.3977533870313372,
  "wilcoxon_reject_h0": false
}