{
  "explainer_a": "DNN_IG",
  "explainer_b": "RF_LIME",
  "spearman_mean": -0.03547628982300639,
  "spearman_std": 0.07025141006233614,
  "kendall_mean": -0.029943542583297122,
  "kendall_std": 0.06055923606712366,
  "top_k_intersection": {
    "5": 0.10156862745098039,
    "10": 0.11941176470588237
  },
  "wilcoxon_statistic": 367.0,
  "wilcoxon_p_value": 1.4183365197665278e-06,
  "wilcoxon_reject_h0": true
}