{
  "explainer_a": "DNN_DeepLIFT",
  "explainer_b": "RF_PA-LIME",
  "spearman_mean": 0.11709201278482627,
  "spearman_std": 0.06207739426396472,
  "kendall_mean": 0.08651697768306815,
  "kendall_std": 0.04621569963859847,
  "top_k_intersection": {
    "5": 0.1498039215686274,
    "10": 0.1607843137254902
  },
  "wilcoxon_statistic": 1005.0,
  "wilcoxon_p_value": 0.22599635787180816,
  "wilcoxon_reject_h0": false
}