{
  "explainer_a": "DNN_PA-DeepLIFT",
  "explainer_b": "DNN_PA-IG",
  "spearman_mean": 0.9520337544436227,
  "spearman_std": 0.020908886369263205,
  "kendall_mean": 0.8544030657335878,
  "kendall_std": 0.040914956856133715,
  "top_k_intersection": {
    "5": 0.551372549019608,
    "10": 0.6072549019607844
  },
  "wilcoxon_statistic": 385.0,
  "wilcoxon_p_value": 1.1850755376624235e-05,
  "wilcoxon_reject_h0": true
}