{
  "explainer_a": "DNN_IG",
  "explainer_b": "RF_PA-SHAP",
  "spearman_mean": 0.6474133416108414,
  "spearman_std": 0.12898411439832647,
  "kendall_mean": 0.4956241805367465,
  "kendall_std": 0.09043984350930653,
  "top_k_intersection": {
    "5": 0.21529411764705886,
    "10": 0.2935294117647059
  },
  "wilcoxon_statistic": 651.0,
  "wilcoxon_p_value": 0.00587863001696653,
  "wilcoxon_reject_h0": true
}