{
  "explainer_a": "DNN_DeepLIFT",
  "explainer_b": "DNN_PA-IG",
  "spearman_mean": 0.7465516522401755,
  "spearman_std": 0.08597009968920383,
  "kendall_mean": 0.6596661277385452,
  "kendall_std": 0.07537493906368627,
  "top_k_intersection": {
    "5": 0.3141176470588235,
    "10": 0.47960784313725485
  },
  "wilcoxon_statistic": 926.0,
  "wilcoxon_p_value": 0.4458359028990817,
  "wilcoxon_reject_h0": false
}