{
  "explainer_a": "DNN_IG",
  "explainer_b": "DNN_PA-SHAP",
  "spearman_mean": 0.6588676261643406,
  "spearman_std": 0.20608939699680523,
  "kendall_mean": 0.5426226734822687,
  "kendall_std": 0.1702045337112791,
  "top_k_intersection": {
    "5": 0.3400000000000001,
    "10": 0.4750980392156863
  },
  "wilcoxon_statistic": 7.0,
  "wilcoxon_p_value": 3.3316304387205804e-12,
  "wilcoxon_reject_h0": true
}