{
  "explainer_a": "DNN_PA-LIME",
  "explainer_b": "RF_PA-SHAP",
  "spearman_mean": 0.2304261718087019,
  "spearman_std": 0.07011928288003079,
  "kendall_mean": 0.1655578663089417,
  "kendall_std": 0.051559427278063306,
  "top_k_intersection": {
    "5": 0.19372549019607846,
    "10": 0.19627450980392158
  },
  "wilcoxon_statistic": 58.0,
  "wilcoxon_p_value": 4.15195166416979e-12,
  "wilcoxon_reject_h0": true
}