{
  "explainer_a": "RF_PA-LIME",
  "explainer_b": "RF_SHAP",
  "spearman_mean": 0.26269523219377966,
  "spearman_std": 0.06190671903388832,
  "kendall_mean": 0.1886542061209634,
  "kendall_std": 0.0453918910462534,
  "top_k_intersection": {
    "5": 0.21411764705882355,
    "10": 0.22529411764705884
  },
  "wilcoxon_statistic": 254.0,
  "wilcoxon_p_value": 4.428102256507611e-09,
  "wilcoxon_reject_h0": true
}