{
  "explainer_a": "DNN_IG",
  "explainer_b": "DNN_PA-LIME",
  "spearman_mean": 0.14293438544548537,
  "spearman_std": 0.10315751780761129,
  "kendall_mean": 0.09637844388376755,
  "kendall_std": 0.0709455256486586,
  "top_k_intersection": {
    "5": 0.042105263157894736,
    "10": 0.11578947368421054
  },
  "wilcoxon_statistic": 896.0,
  "wilcoxon_p_value": 0.028611576750991668,
  "wilcoxon_reject_h0": true
}