{
  "explainer_a": "DNN_DeepLIFT",
  "explainer_b": "RF_SHAP",
  "spearman_mean": 0.5395236783234201,
  "spearman_std": 0.037485151641675124,
  "kendall_mean": 0.3973073489623216,
  "kendall_std": 0.01954400256679308,
  "top_k_intersection": {
    "5": 0.0,
    "10": 0.042105263157894736
  },
  "wilcoxon_statistic": 98.0,
  "wilcoxon_p_value": 7.886047805502662e-11,
  "wilcoxon_reject_h0": true
}