{
  "explainer_a": "DNN_LIME",
  "explainer_b": "RF_SHAP",
  "spearman_mean": 0.2507420655381977,
  "spearman_std": 0.09591876459768364,
  "kendall_mean": 0.2019420325209436,
  "kendall_std": 0.07664132118700222,
  "top_k_intersection": {
    "5": 0.1473684210526316,
    "10": 0.28421052631578947
  },
  "wilcoxon_statistic": 78.0,
  "wilcoxon_p_value": 9.435123425665543e-12,
  "wilcoxon_reject_h0": true
}