{
  "explainer_a": "DNN_IG",
  "explainer_b": "DNN_LIME",
  "spearman_mean": 0.2231032969149829,
  "spearman_std": 0.09687324451507756,
  "kendall_mean": 0.18755747277353563,
  "kendall_std": 0.085430622642234,
  "top_k_intersection": {
    "5": 0.18947368421052632,
    "10": 0.2157894736842105
  },
  "wilcoxon_statistic": 189.0,
  "wilcoxon_p_value": 4.082499719852384e-07,
  "wilcoxon_reject_h0": true
}