{
  "explainer_a": "DNN_SHAP",
  "explainer_b": "RF_SHAP",
  "spearman_mean": 0.669884305333053,
  "spearman_std": 0.007347946517171121,
  "kendall_mean": 0.5003392909182782,
  "kendall_std": 0.0062131292797537666,
  "top_k_intersection": {
    "5": 0.042105263157894736,
    "10": 0.3157894736842105
  },
  "wilcoxon_statistic": 120.0,
  "wilcoxon_p_value": 3.065013053404537e-10,
  "wilcoxon_reject_h0": true
}