{
  "explainer_a": "DNN_IG",
  "explainer_b": "DNN_PA-SHAP",
  "spearman_mean": 0.2617640629558332,
  "spearman_std": 0.05543080649495842,
  "kendall_mean": 0.18912545652968593,
  "kendall_std": 0.032171376860889084,
  "top_k_intersection": {
    "5": 0.1578947368421053,
    "10": 0.19473684210526318
  },
  "wilcoxon_statistic": 210.0,
  "wilcoxon_p_value": 2.4613829138578798e-09,
  "wilcoxon_reject_h0": true
}