{
  "explainer_a": "DNN_IG",
  "explainer_b": "RF_LIME",
  "spearman_mean": 0.2277794425690487,
  "spearman_std": 0.08285060045180256,
  "kendall_mean": 0.19087519027800637,
  "kendall_std": 0.07095516280515214,
  "top_k_intersection": {
    "5": 0.26315789473684215,
    "10": 0.2578947368421053
  },
  "wilcoxon_statistic": 161.0,
  "wilcoxon_p_value": 1.2397497932209852e-07,
  "wilcoxon_reject_h0": true
}