{
  "explainer_a": "DNN_IG",
  "explainer_b": "RF_PA-SHAP",
  "spearman_mean": 0.5904656426269819,
  "spearman_std": 0.05567651079134516,
  "kendall_mean": 0.446504009718735,
  "kendall_std": 0.03545413988662238,
  "top_k_intersection": {
    "5": 0.021052631578947368,
    "10": 0.10526315789473684
  },
  "wilcoxon_statistic": 1101.0,
  "wilcoxon_p_value": 0.9770668772121703,
  "wilcoxon_reject_h0": false
}