{
  "explainer_a": "DNN_PA-DeepLIFT",
  "explainer_b": "RF_PA-LIME",
  "spearman_mean": 0.3237337101730143,
  "spearman_std": 0.09410321119837428,
  "kendall_mean": 0.24117345687546995,
  "kendall_std": 0.07141239303290785,
  "top_k_intersection": {
    "5": 0.33684210526315794,
    "10": 0.3421052631578948
  },
  "wilcoxon_statistic": 1218.0,
  "wilcoxon_p_value": 0.8859912823895078,
  "wilcoxon_reject_h0": false
}