{
  "explainer_a": "DNN_PA-DeepLIFT",
  "explainer_b": "RF_SHAP",
  "spearman_mean": 0.4254347788908934,
  "spearman_std": 0.09051048646719616,
  "kendall_mean": 0.30873029159318177,
  "kendall_std": 0.06569183237532691,
  "top_k_intersection": {
    "5": 0.13684210526315793,
    "10": 0.2631578947368421
  },
  "wilcoxon_statistic": 878.0,
  "wilcoxon_p_value": 0.07145824272635057,
  "wilcoxon_reject_h0": false
}