{
  "explainer_a": "DNN_PA-SHAP",
  "explainer_b": "RF_SHAP",
  "spearman_mean": 0.4684389647305961,
  "spearman_std": 0.04208224638800562,
  "kendall_mean": 0.32404165551124386,
  "kendall_std": 0.03412522263799896,
  "top_k_intersection": {
    "5": 0.20000000000000004,
    "10": 0.21093750000000003
  },
  "wilcoxon_statistic": 86.0,
  "wilcoxon_p_value": 1.3053037087447455e-11,
  "wilcoxon_reject_h0": true
}