{
  "explainer_a": "DNN_PA-IG",
  "explainer_b": "RF_SHAP",
  "spearman_mean": 0.5991950714042444,
  "spearman_std": 0.013570332568063689,
  "kendall_mean": 0.44143548740545047,
  "kendall_std": 0.007881261325080931,
  "top_k_intersection": {
    "5": 0.010937500000000001,
    "10": 0.2734375
  },
  "wilcoxon_statistic": 983.0,
  "wilcoxon_p_value": 0.12885278671379796,
  "wilcoxon_reject_h0": false
}