{
  "explainer_a": "DNN_LIME",
  "explainer_b": "RF_SHAP",
  "spearman_mean": -0.12854916178308162,
  "spearman_std": 0.07075358916224928,
  "kendall_mean": -0.10963659365819772,
  "kendall_std": 0.058565013418331646,
  "top_k_intersection": {
    "5": 0.20000000000000004,
    "10": 0.10781250000000002
  },
  "wilcoxon_statistic": 405.0,
  "wilcoxon_p_value": 9.525159391703068e-07,
  "wilcoxon_reject_h0": true
}