{
  "explainer_a": "DNN_DeepLIFT",
  "explainer_b": "DNN_SHAP",
  "spearman_mean": -0.012108178091221864,
  "spearman_std": 0.10386493338962868,
  "kendall_mean": -0.009732053281990487,
  "kendall_std": 0.07739329793779395,
  "top_k_intersection": {
    "5": 0.4015625000000001,
    "10": 0.30468749999999994
  },
  "wilcoxon_statistic": 184.0,
  "wilcoxon_p_value": 1.511437640919448e-09,
  "wilcoxon_reject_h0": true
}