{
  "explainer_a": "DNN_LIME",
  "explainer_b": "RF_PA-LIME",
  "spearman_mean": -0.17139218329041783,
  "spearman_std": 0.04979863912707848,
  "kendall_mean": -0.14045203486685157,
  "kendall_std": 0.041008283560359404,
  "top_k_intersection": {
    "5": 0.0,
    "10": 0.01328125
  },
  "wilcoxon_statistic": 69.0,
  "wilcoxon_p_value": 2.3257050999944824e-11,
  "wilcoxon_reject_h0": true
}