{
  "explainer_a": "DNN_DeepLIFT",
  "explainer_b": "RF_LIME",
  "spearman_mean": 0.27374494677198363,
  "spearman_std": 0.09320514860125564,
  "kendall_mean": 0.2540373146209986,
  "kendall_std": 0.08669484377181645,
  "top_k_intersection": {
    "5": 0.27812500000000007,
    "10": 0.3171875
  },
  "wilcoxon_statistic": 440.0,
  "wilcoxon_p_value": 0.0002824421597886639,
  "wilcoxon_reject_h0": true
}