{
  "explainer_a": "DNN_PA-SHAP",
  "explainer_b": "RF_PA-SHAP",
  "spearman_mean": 0.4485034184318777,
  "spearman_std": 0.05608829326308493,
  "kendall_mean": 0.3118792731655179,
  "kendall_std": 0.0452264248159633,
  "top_k_intersection": {
    "5": 0.3812500000000001,
    "10": 0.30078124999999994
  },
  "wilcoxon_statistic": 69.0,
  "wilcoxon_p_value": 1.5215441946253228e-11,
  "wilcoxon_reject_h0": true
}