{
  "explainer_a": "DNN_IG",
  "explainer_b": "RF_LIME",
  "spearman_mean": 0.27066483970219024,
  "spearman_std": 0.09059563300181449,
  "kendall_mean": 0.2515760702457066,
  "kendall_std": 0.08677056560793814,
  "top_k_intersection": {
    "5": 0.26875000000000004,
    "10": 0.32109374999999996
  },
  "wilcoxon_statistic": 212.0,
  "wilcoxon_p_value": 1.3749364261371703e-07,
  "wilcoxon_reject_h0": true
}