{
  "explainer_a": "DNN_SHAP",
  "explainer_b": "RF_SHAP",
  "spearman_mean": 0.4868956019927516,
  "spearman_std": 0.02848231965868128,
  "kendall_mean": 0.34390415909429517,
  "kendall_std": 0.023731599772504632,
  "top_k_intersection": {
    "5": 0.41718750000000004,
    "10": 0.30781249999999993
  },
  "wilcoxon_statistic": 183.0,
  "wilcoxon_p_value": 5.632431368093846e-10,
  "wilcoxon_reject_h0": true
}