{
  "explainer_a": "DNN_IG",
  "explainer_b": "DNN_PA-DeepLIFT",
  "spearman_mean": 0.07034377377935894,
  "spearman_std": 0.14778262864463498,
  "kendall_mean": 0.050967082763679464,
  "kendall_std": 0.12644486022671492,
  "top_k_intersection": {
    "5": 0.30000000000000004,
    "10": 0.21015625000000004
  },
  "wilcoxon_statistic": 347.0,
  "wilcoxon_p_value": 8.25121222811037e-05,
  "wilcoxon_reject_h0": true
}