{
  "explainer_a": "DNN_PA-LIME",
  "explainer_b": "RF_PA-LIME",
  "spearman_mean": 0.5819854877333359,
  "spearman_std": 0.05950844901321383,
  "kendall_mean": 0.4207598901241274,
  "kendall_std": 0.053995098807010256,
  "top_k_intersection": {
    "5": 0.0625,
    "10": 0.18750000000000006
  },
  "wilcoxon_statistic": 36.0,
  "wilcoxon_p_value": 4.282037907057692e-11,
  "wilcoxon_reject_h0": true
}