{
  "explainer_a": "RF_PA-SHAP",
  "explainer_b": "RF_SHAP",
  "spearman_mean": 0.9439737992504518,
  "spearman_std": 0.009037662958732502,
  "kendall_mean": 0.8164046277875735,
  "kendall_std": 0.015421964695673454,
  "top_k_intersection": {
    "5": 0.7875000000000001,
    "10": 0.7945312500000001
  },
  "wilcoxon_statistic": 1133.0,
  "wilcoxon_p_value": 0.5216435377859201,
  "wilcoxon_reject_h0": false
}