{
  "DNN_SHAP": {
    "time_per_sample_ms": 28.50135025978088,
    "total_time_s": 142.50675129890442,
    "summary_plot_time_s": 1.8393261432647705
  },
  "DNN_LIME": {
    "time_per_sample_ms": 158.03785815238953,
    "total_time_s": 790.1892907619476,
    "summary_plot_time_s": 1.791064977645874
  },
  "DNN_IG": {
    "time_per_sample_ms": 0.7204128265380859,
    "total_time_s": 3.6020641326904297,
    "summary_plot_time_s": 1.982374906539917
  },
  "DNN_DeepLIFT": {
    "time_per_sample_ms": 0.029681921005249023,
    "total_time_s": 0.14840960502624512,
    "summary_plot_time_s": 1.7866854667663574
  },
  "RF_SHAP": {
    "time_per_sample_ms": 8.59127688407898,
    "total_time_s": 42.9563844203949,
    "summary_plot_time_s": 1.8140599727630615
  },
  "RF_LIME": {
    "time_per_sample_ms": 207.12450337409973,
    "total_time_s": 1035.6225168704987,
    "summary_plot_time_s": 1.782114028930664
  },
  "XGB_SHAP": {
    "time_per_sample_ms": 0.036194467544555665,
    "total_time_s": 0.18097233772277832,
    "summary_plot_time_s": 1.7939419746398926
  },
  "XGB_LIME": {
    "time_per_sample_ms": 144.18799839019775,
    "total_time_s": 720.9399919509888,
    "summary_plot_time_s": 1.7744934558868408
  }
}