{
  "nsl-kdd": {
    "train": {
      "dnn": {
        "accuracy": 0.7702271114265437,
        "f1_weighted": 0.7423799545937247,
        "auc_roc": 0.9139271617089114,
        "train_time_seconds": 23.135513305664062
      },
      "rf": {
        "accuracy": 0.7547906316536551,
        "f1_weighted": 0.7284193386131947,
        "auc_roc": 0.9563849950894885,
        "train_time_seconds": 1.758803129196167
      },
      "xgb": {
        "accuracy": 0.781139105748758,
        "f1_weighted": 0.7475048431360338,
        "auc_roc": 0.9578219319900013,
        "train_time_seconds": 9.755334615707397
      },
      "cnn_lstm": {
        "accuracy": 0.7847764371894961,
        "f1_weighted": 0.7557534092421073,
        "auc_roc": 0.8884994657221693,
        "train_time_seconds": 78.40336346626282,
        "grid_size": 11
      },
      "cnn_gru": {
        "accuracy": 0.781139105748758,
        "f1_weighted": 0.7522336726166627,
        "auc_roc": 0.9225849160148707,
        "train_time_seconds": 271.61424827575684,
        "grid_size": 11
      }
    }
  }
}