{
  "nsl-kdd": {
    "train": {
      "dnn": {
        "accuracy": 0.7109208658623137,
        "f1_weighted": 0.6202615052673707,
        "auc_roc": NaN,
        "train_time_seconds": 24.036468982696533
      },
      "rf": {
        "accuracy": 0.7178850248403122,
        "f1_weighted": 0.6163641978434231,
        "auc_roc": NaN,
        "train_time_seconds": 0.6376349925994873
      }
    },
    "explain": {
      "SHAP_DNN": {
        "time_per_sample_ms": 247.06382751464844,
        "total_time_s": 2.4706382751464844
      },
      "LIME_DNN": {
        "time_per_sample_ms": 151.80566310882568,
        "total_time_s": 1.5180566310882568
      },
      "IG_DNN": {
        "time_per_sample_ms": 3.192901611328125,
        "total_time_s": 0.03192901611328125
      },
      "DeepLIFT_DNN": {
        "time_per_sample_ms": 0.4609823226928711,
        "total_time_s": 0.004609823226928711
      },
      "SHAP_RF": {
        "time_per_sample_ms": 12.457466125488281,
        "total_time_s": 0.12457466125488281
      },
      "LIME_RF": {
        "time_per_sample_ms": 202.1111249923706,
        "total_time_s": 2.021111249923706
      }
    }
  }
}