{
  "cse-cic-ids2018": {
    "explain": {
      "SHAP_DNN": {
        "time_per_sample_ms": 84.39188594818116,
        "total_time_s": 843.9188594818115,
        "summary_plot_time_s": 1.4750621318817139
      },
      "LIME_DNN": {
        "time_per_sample_ms": 198.61883718967437,
        "total_time_s": 1986.1883718967438,
        "summary_plot_time_s": 1.428905725479126
      },
      "IG_DNN": {
        "time_per_sample_ms": 0.7195518255233765,
        "total_time_s": 7.195518255233765,
        "summary_plot_time_s": 1.4447417259216309
      },
      "DeepLIFT_DNN": {
        "time_per_sample_ms": 0.03040754795074463,
        "total_time_s": 0.3040754795074463,
        "summary_plot_time_s": 1.4596824645996094
      },
      "SHAP_RF": {
        "time_per_sample_ms": 7.484513974189758,
        "total_time_s": 74.84513974189758,
        "summary_plot_time_s": 1.4990565776824951
      },
      "LIME_RF": {
        "time_per_sample_ms": 256.019882440567,
        "total_time_s": 2560.19882440567,
        "summary_plot_time_s": 1.5619325637817383
      },
      "LIME_XGB": {
        "time_per_sample_ms": 198.9945527076721,
        "total_time_s": 1989.9455270767212,
        "summary_plot_time_s": 1.5202081203460693
      },
      "SHAP_CNN-LSTM": {
        "time_per_sample_ms": 879.4435192346573,
        "total_time_s": 8794.435192346573,
        "summary_plot_time_s": 1.422581434249878
      },
      "LIME_CNN-LSTM": {
        "time_per_sample_ms": 206.41829810142517,
        "total_time_s": 2064.1829810142517,
        "summary_plot_time_s": 1.4473743438720703
      },
      "IG_CNN-LSTM": {
        "time_per_sample_ms": 2.439774250984192,
        "total_time_s": 24.39774250984192,
        "summary_plot_time_s": 1.4270410537719727
      },
      "DeepLIFT_CNN-LSTM": {
        "time_per_sample_ms": 0.11593363285064696,
        "total_time_s": 1.1593363285064697,
        "summary_plot_time_s": 1.4324429035186768
      },
      "SHAP_CNN-GRU": {
        "time_per_sample_ms": 1857.6540102243423,
        "total_time_s": 18576.540102243423,
        "summary_plot_time_s": 1.430948257446289
      },
      "LIME_CNN-GRU": {
        "time_per_sample_ms": 212.6872722864151,
        "total_time_s": 2126.872722864151,
        "summary_plot_time_s": 1.4396119117736816
      },
      "IG_CNN-GRU": {
        "time_per_sample_ms": 3.827497363090515,
        "total_time_s": 38.27497363090515,
        "summary_plot_time_s": 1.5216035842895508
      },
      "DeepLIFT_CNN-GRU": {
        "time_per_sample_ms": 0.3852410793304443,
        "total_time_s": 3.8524107933044434,
        "summary_plot_time_s": 1.4290416240692139
      }
    }
  }
}