dataset,model,method,faithfulness_correlation,sparsity_mean,complexity_normalized,time_per_sample_ms,stability_jaccard_mean,completeness_success_rate,robustness_mean_deviation,robustness_rank_correlation_mean
cic-iov-2024,DNN,SHAP,0.053537766653730876,0.36731843575418993,0.7368402481079102,12.677833354672908,1.0,1.0,0.048032090067863464,0.8685238095238096
cic-iov-2024,DNN,LIME,-0.12103135974982993,0.13337988826815642,0.8508110776514898,28.463584084750554,1.0,1.0,0.2663772325144723,0.3914285714285715
cic-iov-2024,DNN,IG,-0.040678407304460505,0.635300279329609,0.45216341813405353,0.8708411754842577,1.0,1.0,0.05845450609922409,0.5553809523809524
cic-iov-2024,DNN,DeepLIFT,0.37191161174705933,0.6276187150837989,0.47055570284525555,0.03736012474784638,1.0,1.0,0.3184683620929718,0.5598571428571429
cic-iov-2024,RF,SHAP,0.8830825353399386,0.22032122905027932,0.8059131304423014,0.3104969109902835,1.0,1.0,0.8070287108421326,0.4545238095238095
cic-iov-2024,RF,LIME,0.8478065266912409,0.3648743016759777,0.7616988440830871,74.26856982641381,1.0,1.0,0.7831400179399007,0.3513333333333334
cic-iov-2024,XGB,LIME,0.38723652859439056,0.22905027932960895,0.8265480737165193,27.411957359846742,1.0,1.0,0.7826205270250293,0.3731428571428572
