{
  "dnn": {
    "accuracy": 0.9888268156424581,
    "f1_weighted": 0.9903266589585382,
    "auc_roc": 0.9682203389830508,
    "train_time_seconds": 2.631795644760132
  },
  "rf": {
    "accuracy": 0.9986033519553073,
    "f1_weighted": 0.9985572898391308,
    "auc_roc": 0.9996468926553672,
    "train_time_seconds": 0.19051241874694824
  },
  "xgb": {
    "accuracy": 0.9972067039106145,
    "f1_weighted": 0.9972067039106145,
    "auc_roc": 0.9987641242937852,
    "train_time_seconds": 0.306272029876709
  }
}