{
  "dnn": {
    "accuracy": 0.9958100558659218,
    "f1_weighted": 0.9959318089712936,
    "auc_roc": 0.9220515536723164,
    "train_time_seconds": 5.378458261489868
  },
  "rf": {
    "accuracy": 0.9986033519553073,
    "f1_weighted": 0.9985572898391308,
    "auc_roc": 0.9996468926553672,
    "train_time_seconds": 0.19523024559020996
  },
  "xgb": {
    "accuracy": 0.9972067039106145,
    "f1_weighted": 0.9972067039106145,
    "auc_roc": 0.9987641242937852,
    "train_time_seconds": 0.36013126373291016
  }
}