{
  "dnn": {
    "accuracy": 0.994413407821229,
    "f1_weighted": 0.9947198231395366,
    "auc_roc": 0.9248764124293786,
    "train_time_seconds": 0.9588837623596191
  },
  "rf": {
    "accuracy": 0.9986033519553073,
    "f1_weighted": 0.9985572898391308,
    "auc_roc": 0.9992937853107344,
    "train_time_seconds": 0.14154696464538574
  },
  "xgb": {
    "accuracy": 0.9958100558659218,
    "f1_weighted": 0.9959318089712936,
    "auc_roc": 0.9987641242937852,
    "train_time_seconds": 0.4522714614868164
  },
  "cnn_lstm": {
    "accuracy": 0.994413407821229,
    "f1_weighted": 0.9949641540190228,
    "auc_roc": 0.9994703389830508,
    "train_time_seconds": 5.793939113616943,
    "grid_size": 11
  },
  "cnn_gru": {
    "accuracy": 0.9930167597765364,
    "f1_weighted": 0.9935606550090488,
    "auc_roc": 0.9984110169491525,
    "train_time_seconds": 5.973768711090088,
    "grid_size": 11
  }
}