dataset,model,method,faithfulness_correlation,sparsity_mean,complexity_normalized,time_per_sample_ms,stability_jaccard_mean,completeness_success_rate
cse-cic-ids2018,DNN,SHAP,0.6242356541320135,0.9191769230769231,0.5677095350679433,89.86421670913697,1.0,1.0
cse-cic-ids2018,DNN,LIME,0.4928579701175004,0.8723153846153846,0.5110562030894023,35.78181872367859,1.0,1.0
cse-cic-ids2018,DNN,IG,0.7625648418426191,0.8928358974358974,0.5251601863292512,0.7751730442047119,1.0,1.0
cse-cic-ids2018,DNN,DeepLIFT,0.6964268448042897,0.899148717948718,0.5049317497971025,0.03161067962646484,1.0,1.0
cse-cic-ids2018,RF,SHAP,0.8921498761983389,0.7336461538461538,0.7610896203399957,16.395916509628293,1.0,1.0
cse-cic-ids2018,RF,LIME,0.35989090621089903,0.8722179487179487,0.5101919924564421,57.56494040489197,1.0,1.0
cse-cic-ids2018,XGB,SHAP,0.8934120031162233,0.8603282051282052,0.6443481538822984,0.10760235786437988,1.0,1.0
cse-cic-ids2018,XGB,LIME,0.3063352841476602,0.8727641025641025,0.5154946281038009,109.18017673492432,1.0,1.0
