{
  "dnn": {
    "accuracy": 0.9827561193999509,
    "f1_weighted": 0.9776826989143906,
    "auc_roc": 0.9869009751949868,
    "train_time_seconds": 1640.3443071842194
  },
  "rf": {
    "accuracy": 0.9805516600284421,
    "f1_weighted": 0.9755020612750344,
    "auc_roc": 0.9824777550932187,
    "train_time_seconds": 466.3574984073639
  },
  "xgb": {
    "accuracy": 0.9844141611488446,
    "f1_weighted": 0.9799702533953702,
    "auc_roc": 0.9928201702203462,
    "train_time_seconds": 106.79271483421326
  }
}