{
  "dnn": {
    "accuracy": 0.9820002519558148,
    "f1_weighted": 0.9773219271711548,
    "auc_roc": 0.9847450717088044,
    "train_time_seconds": 669.6350507736206
  },
  "rf": {
    "accuracy": 0.9831146482120839,
    "f1_weighted": 0.9780480641069667,
    "auc_roc": 0.9817287735611637,
    "train_time_seconds": 299.10517740249634
  },
  "xgb": {
    "accuracy": 0.9844098489466369,
    "f1_weighted": 0.979962331382682,
    "auc_roc": 0.9928360873728163,
    "train_time_seconds": 416.02670454978943
  },
  "cnn_lstm": {
    "accuracy": 0.982768131963244,
    "f1_weighted": 0.977615941220844,
    "auc_roc": 0.9868771209775667,
    "train_time_seconds": 7259.480441808701,
    "grid_size": 11
  },
  "cnn_gru": {
    "accuracy": 0.9772161716207196,
    "f1_weighted": 0.9723653807156527,
    "auc_roc": 0.9828523328917095,
    "train_time_seconds": 1676.6059746742249,
    "grid_size": 11
  }
}