{
  "DNN_SHAP": {
    "time_per_sample_ms": 238.7704770088196,
    "total_time_s": 2387.704770088196
  },
  "DNN_LIME": {
    "time_per_sample_ms": 168.0382305622101,
    "total_time_s": 1680.3823056221008
  },
  "DNN_IG": {
    "time_per_sample_ms": 1.6362218856811523,
    "total_time_s": 16.362218856811523
  },
  "DNN_DeepLIFT": {
    "time_per_sample_ms": 0.06822242736816406,
    "total_time_s": 0.6822242736816406
  },
  "RF_LIME": {
    "time_per_sample_ms": 216.09409124851226,
    "total_time_s": 2160.9409124851227
  }
}