{
  "CNN-LSTM_SHAP": {
    "time_per_sample_ms": 65.48010952472687,
    "total_time_s": 654.8010952472687,
    "summary_plot_time_s": 3.344615936279297
  },
  "CNN-LSTM_LIME": {
    "time_per_sample_ms": 167.90881898403168,
    "total_time_s": 1679.0881898403168,
    "summary_plot_time_s": 3.104529857635498
  },
  "CNN-LSTM_IG": {
    "time_per_sample_ms": 2.3396692276000977,
    "total_time_s": 23.396692276000977,
    "summary_plot_time_s": 3.0997912883758545
  },
  "CNN-LSTM_DeepLIFT": {
    "time_per_sample_ms": 0.09244406223297119,
    "total_time_s": 0.9244406223297119,
    "summary_plot_time_s": 3.0616815090179443
  },
  "CNN-GRU_SHAP": {
    "time_per_sample_ms": 179.40000903606415,
    "total_time_s": 1794.0000903606415,
    "summary_plot_time_s": 3.0922675132751465
  },
  "CNN-GRU_LIME": {
    "time_per_sample_ms": 167.3479198217392,
    "total_time_s": 1673.479198217392,
    "summary_plot_time_s": 3.080214023590088
  },
  "CNN-GRU_IG": {
    "time_per_sample_ms": 3.3314861536026,
    "total_time_s": 33.314861536026,
    "summary_plot_time_s": 3.0902419090270996
  },
  "CNN-GRU_DeepLIFT": {
    "time_per_sample_ms": 0.11201415061950683,
    "total_time_s": 1.1201415061950684,
    "summary_plot_time_s": 3.064141035079956
  }
}