{
  "explainer_a": "DNN_IG",
  "explainer_b": "RF_PA-LIME",
  "spearman_mean": 0.11764722382168648,
  "spearman_std": 0.15800606349128318,
  "kendall_mean": 0.079845971194618,
  "kendall_std": 0.11503922197343039,
  "top_k_intersection": {
    "5": 0.018181818181818184,
    "10": 0.05
  },
  "wilcoxon_statistic": 1130.0,
  "wilcoxon_p_value": 0.7927469756527942,
  "wilcoxon_reject_h0": false
}