{
  "explainer_a": "DNN_PA-IG",
  "explainer_b": "RF_PA-LIME",
  "spearman_mean": 0.1376036495308112,
  "spearman_std": 0.07110710346769321,
  "kendall_mean": 0.11570494063096094,
  "kendall_std": 0.057728279022367546,
  "top_k_intersection": {
    "5": 0.0,
    "10": 0.02727272727272727
  },
  "wilcoxon_statistic": 532.0,
  "wilcoxon_p_value": 8.97183179491752e-05,
  "wilcoxon_reject_h0": true
}