{
  "explainer_a": "DNN_PA-LIME",
  "explainer_b": "DNN_PA-SHAP",
  "spearman_mean": -0.006450951748249851,
  "spearman_std": 0.07761959930562974,
  "kendall_mean": -0.0053295639673675895,
  "kendall_std": 0.05197769417889331,
  "top_k_intersection": {
    "5": 0.06363636363636363,
    "10": 0.12272727272727275
  },
  "wilcoxon_statistic": 261.0,
  "wilcoxon_p_value": 1.289326892618735e-09,
  "wilcoxon_reject_h0": true
}