{
  "explainer_a": "DNN_IG",
  "explainer_b": "RF_PA-SHAP",
  "spearman_mean": 0.5960220696878297,
  "spearman_std": 0.044784149980077737,
  "kendall_mean": 0.4542051245944548,
  "kendall_std": 0.02773155585779149,
  "top_k_intersection": {
    "5": 0.4818181818181818,
    "10": 0.40000000000000013
  },
  "wilcoxon_statistic": 728.0,
  "wilcoxon_p_value": 0.006545836913797339,
  "wilcoxon_reject_h0": true
}