{
  "explainer_a": "DNN_IG",
  "explainer_b": "DNN_PA-LIME",
  "spearman_mean": 0.0435052225946807,
  "spearman_std": 0.16145106859455258,
  "kendall_mean": 0.02959369838011755,
  "kendall_std": 0.12032633551780472,
  "top_k_intersection": {
    "5": 0.045454545454545456,
    "10": 0.1272727272727273
  },
  "wilcoxon_statistic": 880.0,
  "wilcoxon_p_value": 0.07340030205963599,
  "wilcoxon_reject_h0": false
}