{
  "explainer_a": "DNN_PA-DeepLIFT",
  "explainer_b": "RF_PA-SHAP",
  "spearman_mean": 0.6044032295413488,
  "spearman_std": 0.09954948143419756,
  "kendall_mean": 0.4613258307924373,
  "kendall_std": 0.07759684966156924,
  "top_k_intersection": {
    "5": 0.16363636363636364,
    "10": 0.27272727272727276
  },
  "wilcoxon_statistic": 835.0,
  "wilcoxon_p_value": 0.03889467268827135,
  "wilcoxon_reject_h0": true
}