{
  "explainer_a": "DNN_IG",
  "explainer_b": "DNN_PA-DeepLIFT",
  "spearman_mean": 0.5000746309109269,
  "spearman_std": 0.29254228128904086,
  "kendall_mean": 0.43891383071036144,
  "kendall_std": 0.268662277704851,
  "top_k_intersection": {
    "5": 0.3363636363636364,
    "10": 0.4772727272727271
  },
  "wilcoxon_statistic": 336.0,
  "wilcoxon_p_value": 9.734155704775134e-05,
  "wilcoxon_reject_h0": true
}