{
  "explainer_a": "DNN_PA-IG",
  "explainer_b": "RF_SHAP",
  "spearman_mean": 0.5860798998210214,
  "spearman_std": 0.07966606409979811,
  "kendall_mean": 0.4415506677946365,
  "kendall_std": 0.06813442518149397,
  "top_k_intersection": {
    "5": 0.045454545454545456,
    "10": 0.2318181818181818
  },
  "wilcoxon_statistic": 818.0,
  "wilcoxon_p_value": 0.012982407450294376,
  "wilcoxon_reject_h0": true
}