{
  "explainer_a": "DNN_DeepLIFT",
  "explainer_b": "DNN_PA-LIME",
  "spearman_mean": 0.04713484725065815,
  "spearman_std": 0.16488268305920348,
  "kendall_mean": 0.030371030074939062,
  "kendall_std": 0.1217429640109989,
  "top_k_intersection": {
    "5": 0.03636363636363637,
    "10": 0.10909090909090913
  },
  "wilcoxon_statistic": 621.0,
  "wilcoxon_p_value": 0.0007437262270216765,
  "wilcoxon_reject_h0": true
}