{
  "explainer_a": "DNN_IG",
  "explainer_b": "RF_SHAP",
  "spearman_mean": 0.6094995077420758,
  "spearman_std": 0.03386992609987764,
  "kendall_mean": 0.4659090134461645,
  "kendall_std": 0.025771432325371654,
  "top_k_intersection": {
    "5": 0.30909090909090914,
    "10": 0.4
  },
  "wilcoxon_statistic": 822.0,
  "wilcoxon_p_value": 0.013861108729516491,
  "wilcoxon_reject_h0": true
}