{
  "explainer_a": "DNN_PA-SHAP",
  "explainer_b": "RF_PA-SHAP",
  "spearman_mean": 0.522128892526254,
  "spearman_std": 0.15023720646490119,
  "kendall_mean": 0.37861117670529976,
  "kendall_std": 0.12379200013855064,
  "top_k_intersection": {
    "5": 0.38181818181818183,
    "10": 0.390909090909091
  },
  "wilcoxon_statistic": 82.0,
  "wilcoxon_p_value": 2.6216191120850457e-11,
  "wilcoxon_reject_h0": true
}