{
  "explainer_a": "DNN_IG",
  "explainer_b": "RF_LIME",
  "spearman_mean": 0.3670922732343891,
  "spearman_std": 0.09789461390684552,
  "kendall_mean": 0.3288312061968248,
  "kendall_std": 0.10138108345390284,
  "top_k_intersection": {
    "5": 0.36363636363636365,
    "10": 0.36818181818181817
  },
  "wilcoxon_statistic": 112.0,
  "wilcoxon_p_value": 3.3927971884776736e-09,
  "wilcoxon_reject_h0": true
}