{
  "explainer_a": "DNN_DeepLIFT",
  "explainer_b": "RF_LIME",
  "spearman_mean": 0.36830890888735685,
  "spearman_std": 0.10318117605701985,
  "kendall_mean": 0.3305771633211983,
  "kendall_std": 0.10482383466516466,
  "top_k_intersection": {
    "5": 0.3727272727272728,
    "10": 0.33636363636363636
  },
  "wilcoxon_statistic": 674.0,
  "wilcoxon_p_value": 0.07603895013142359,
  "wilcoxon_reject_h0": false
}