{
  "explainer_a": "DNN_PA-SHAP",
  "explainer_b": "RF_PA-LIME",
  "spearman_mean": 0.11090706439542025,
  "spearman_std": 0.06310134427498931,
  "kendall_mean": 0.08353719162523952,
  "kendall_std": 0.04411093574722583,
  "top_k_intersection": {
    "5": 0.0,
    "10": 0.07727272727272728
  },
  "wilcoxon_statistic": 301.0,
  "wilcoxon_p_value": 4.821113466453405e-09,
  "wilcoxon_reject_h0": true
}