{
  "explainer_a": "DNN_PA-SHAP",
  "explainer_b": "RF_SHAP",
  "spearman_mean": 0.5030049614001691,
  "spearman_std": 0.16274044491563294,
  "kendall_mean": 0.3632394666973813,
  "kendall_std": 0.13395069166262277,
  "top_k_intersection": {
    "5": 0.290909090909091,
    "10": 0.38636363636363635
  },
  "wilcoxon_statistic": 100.0,
  "wilcoxon_p_value": 2.2916725587975705e-11,
  "wilcoxon_reject_h0": true
}