{
  "explainer_a": "DNN_IG",
  "explainer_b": "DNN_PA-DeepLIFT",
  "spearman_mean": 0.6867363112459977,
  "spearman_std": 0.1772724491396844,
  "kendall_mean": 0.594570332187267,
  "kendall_std": 0.1607838580079195,
  "top_k_intersection": {
    "5": 0.42096000000000006,
    "10": 0.47007999999999994
  },
  "wilcoxon_statistic": 1048.0,
  "wilcoxon_p_value": 0.5697330013975732,
  "wilcoxon_reject_h0": false
}