{
  "explainer_a": "DNN_IG",
  "explainer_b": "DNN_SHAP",
  "spearman_mean": 0.6471474927724766,
  "spearman_std": 0.22301856570529954,
  "kendall_mean": 0.5335380678259111,
  "kendall_std": 0.1843743202760005,
  "top_k_intersection": {
    "5": 0.35784,
    "10": 0.47928000000000004
  },
  "wilcoxon_statistic": 0.0,
  "wilcoxon_p_value": 1.119700309921998e-12,
  "wilcoxon_reject_h0": true
}