{
  "explainer_a": "DNN_DeepLIFT",
  "explainer_b": "DNN_PA-DeepLIFT",
  "spearman_mean": 0.2329426316343086,
  "spearman_std": 0.34450998179124703,
  "kendall_mean": 0.2125310994618384,
  "kendall_std": 0.3137121584681145,
  "top_k_intersection": {
    "5": 0.31884,
    "10": 0.37696
  },
  "wilcoxon_statistic": 222.0,
  "wilcoxon_p_value": 1.0151731117239002e-08,
  "wilcoxon_reject_h0": true
}