{
  "explainer_a": "DNN_DeepLIFT",
  "explainer_b": "RF_SHAP",
  "spearman_mean": 0.195168124678698,
  "spearman_std": 0.28825762852997305,
  "kendall_mean": 0.1496535365134252,
  "kendall_std": 0.22055459413147738,
  "top_k_intersection": {
    "5": 0.25372,
    "10": 0.28056
  },
  "wilcoxon_statistic": 1057.0,
  "wilcoxon_p_value": 0.4784479739045726,
  "wilcoxon_reject_h0": false
}