{
  "explainer_a": "DNN_IG",
  "explainer_b": "RF_LIME",
  "spearman_mean": 0.0004801082711100092,
  "spearman_std": 0.09561897851672534,
  "kendall_mean": 8.571935953903331e-05,
  "kendall_std": 0.08281838292750941,
  "top_k_intersection": {
    "5": 0.25372,
    "10": 0.2027
  },
  "wilcoxon_statistic": 385.0,
  "wilcoxon_p_value": 2.4775215088873687e-06,
  "wilcoxon_reject_h0": true
}