{
  "explainer_a": "DNN_IG",
  "explainer_b": "DNN_PA-SHAP",
  "spearman_mean": 0.6470698037223245,
  "spearman_std": 0.2225338750956721,
  "kendall_mean": 0.5363260014823489,
  "kendall_std": 0.18297628900000457,
  "top_k_intersection": {
    "5": 0.33712,
    "10": 0.44192
  },
  "wilcoxon_statistic": 0.0,
  "wilcoxon_p_value": 1.119700309921998e-12,
  "wilcoxon_reject_h0": true
}