{
  "explainer_a": "DNN_PA-SHAP",
  "explainer_b": "RF_PA-LIME",
  "spearman_mean": 0.12305678655255006,
  "spearman_std": 0.0881375123575395,
  "kendall_mean": 0.09159613803966163,
  "kendall_std": 0.0657040467515946,
  "top_k_intersection": {
    "5": 0.18303999999999998,
    "10": 0.15534
  },
  "wilcoxon_statistic": 117.0,
  "wilcoxon_p_value": 4.499169577914244e-11,
  "wilcoxon_reject_h0": true
}