{
  "explainer_a": "DNN_IG",
  "explainer_b": "RF_PA-LIME",
  "spearman_mean": 0.17613197253365326,
  "spearman_std": 0.13485201909741293,
  "kendall_mean": 0.1322531983217643,
  "kendall_std": 0.1015949674381942,
  "top_k_intersection": {
    "5": 0.17707999999999996,
    "10": 0.21001999999999998
  },
  "wilcoxon_statistic": 1181.0,
  "wilcoxon_p_value": 0.7189150134716015,
  "wilcoxon_reject_h0": false
}