{
  "explainer_a": "RF_PA-LIME",
  "explainer_b": "RF_SHAP",
  "spearman_mean": 0.2517545309799957,
  "spearman_std": 0.10877682515532097,
  "kendall_mean": 0.18425093121797448,
  "kendall_std": 0.0809104973505602,
  "top_k_intersection": {
    "5": 0.22368000000000002,
    "10": 0.2831
  },
  "wilcoxon_statistic": 324.0,
  "wilcoxon_p_value": 4.596212325640655e-08,
  "wilcoxon_reject_h0": true
}