dataset,model,method,faithfulness_correlation,sparsity_mean,complexity_normalized,time_per_sample_ms,stability_jaccard_mean,completeness_success_rate,robustness_mean_deviation,robustness_rank_correlation_mean
cic-ids-2017,DNN,SHAP,0.745405199154035,0.7399833333333333,0.7207912971890995,92.96168763637543,1.0,1.0,0.6948514580726624,0.12270185510691839
cic-ids-2017,DNN,LIME,0.7432126508471092,0.8722833333333333,0.501359106031269,153.7490916490555,0.4733984081507301,1.0,3.5341672347801376,0.6995548755042426
cic-ids-2017,DNN,IG,0.6427379762308794,0.8882589743589744,0.519810355090156,0.8221320390701293,1.0,1.0,1.625680923461914,0.06238935747796508
cic-ids-2017,DNN,DeepLIFT,0.6781306184573263,0.9223692307692307,0.3230170801917689,0.03159267902374267,nan,1.0,10021538.0,0.23601340431720175
cic-ids-2017,RF,SHAP,0.4900150126159485,0.651775641025641,0.8041531059431664,12.988198375701904,1.0,1.0,0.7023628950119019,0.14865837959508843
cic-ids-2017,RF,LIME,0.07929049119317282,0.8721782051282051,0.48989497497628726,216.20864610671998,0.6781551781551781,1.0,1.9748803535574357,0.6269752020131766
cic-ids-2017,XGB,LIME,0.379585745566489,0.8728230769230769,0.5047442286937808,158.18138325214386,0.6147835008129126,1.0,2.7128482965579686,0.6840151241163899
