{
  "dnn": {
    "accuracy": 0.9671082495990866,
    "f1_weighted": 0.9739388132323094,
    "auc_roc": 0.9979404747096717,
    "train_time_seconds": 2881.513991832733
  },
  "rf": {
    "accuracy": 0.9603368267479132,
    "f1_weighted": 0.9767450706724562,
    "auc_roc": 0.9993771686445945,
    "train_time_seconds": 298.90703105926514
  },
  "xgb": {
    "accuracy": 0.9984399561522619,
    "f1_weighted": 0.9984945252819799,
    "auc_roc": 0.9999704708504098,
    "train_time_seconds": 194.87553811073303
  }
}