{
  "cnn_lstm": {
    "accuracy": 0.9737805591181292,
    "f1_weighted": 0.977235182882708,
    "auc_roc": 0.9986430224995437,
    "train_time_seconds": 17796.187608480453,
    "grid_size": 11
  },
  "cnn_gru": {
    "accuracy": 0.9597897211545514,
    "f1_weighted": 0.9675008084747222,
    "auc_roc": 0.9979610727536595,
    "train_time_seconds": 10200.014963626862,
    "grid_size": 11
  }
}