{
  "dnn": {
    "accuracy": 0.9655343298848501,
    "f1_weighted": 0.9730227407037272,
    "auc_roc": 0.9984860221656091,
    "train_time_seconds": 2714.8583111763
  },
  "rf": {
    "accuracy": 0.9603368267479132,
    "f1_weighted": 0.9767450706724562,
    "auc_roc": 0.9993771686445945,
    "train_time_seconds": 295.1803617477417
  }
}