{
  "explainer_a": "DNN_LIME",
  "explainer_b": "DNN_PA-DeepLIFT",
  "spearman_mean": -0.095268002535158,
  "spearman_std": 0.061811867557740735,
  "kendall_mean": -0.09061314651772046,
  "kendall_std": 0.05854763564929039,
  "top_k_intersection": {
    "5": 0.014634146341463417,
    "10": 0.021951219512195124
  },
  "wilcoxon_statistic": 1515.0,
  "wilcoxon_p_value": 0.001935999478977165,
  "wilcoxon_reject_h0": true
}