{
  "explainer_a": "DNN_PA-DeepLIFT",
  "explainer_b": "RF_SHAP",
  "spearman_mean": 0.4776740621452367,
  "spearman_std": 0.047208645209633825,
  "kendall_mean": 0.3838692998686016,
  "kendall_std": 0.037311367747165584,
  "top_k_intersection": {
    "5": 0.28292682926829266,
    "10": 0.40487804878048783
  },
  "wilcoxon_statistic": 2238.0,
  "wilcoxon_p_value": 0.0006326081469507287,
  "wilcoxon_reject_h0": true
}