{
  "explainer_a": "DNN_PA-LIME",
  "explainer_b": "RF_PA-LIME",
  "spearman_mean": 0.43625517693323745,
  "spearman_std": 0.06084817886728303,
  "kendall_mean": 0.3101414587336676,
  "kendall_std": 0.04726233374956233,
  "top_k_intersection": {
    "5": 0.4292682926829269,
    "10": 0.4317073170731707
  },
  "wilcoxon_statistic": 0.0,
  "wilcoxon_p_value": 1.3128610014438802e-20,
  "wilcoxon_reject_h0": true
}