{
  "explainer_a": "DNN_IG",
  "explainer_b": "RF_SHAP",
  "spearman_mean": 0.4720790535550912,
  "spearman_std": 0.055085964230204794,
  "kendall_mean": 0.378922716889205,
  "kendall_std": 0.048813672999619244,
  "top_k_intersection": {
    "5": 0.2341463414634146,
    "10": 0.3902439024390244
  },
  "wilcoxon_statistic": 2387.0,
  "wilcoxon_p_value": 0.0025520364515234286,
  "wilcoxon_reject_h0": true
}