{
  "explainer_a": "DNN_IG",
  "explainer_b": "RF_PA-SHAP",
  "spearman_mean": 0.541911762870808,
  "spearman_std": 0.052854225406541694,
  "kendall_mean": 0.4646152335179215,
  "kendall_std": 0.049515977439381464,
  "top_k_intersection": {
    "5": 0.0975609756097561,
    "10": 0.29512195121951224
  },
  "wilcoxon_statistic": 1395.0,
  "wilcoxon_p_value": 0.7247932810348898,
  "wilcoxon_reject_h0": false
}