{
  "explainer_a": "DNN_IG",
  "explainer_b": "DNN_PA-LIME",
  "spearman_mean": 0.11398437027280407,
  "spearman_std": 0.0652204040441722,
  "kendall_mean": 0.09012579483536502,
  "kendall_std": 0.05068245985742481,
  "top_k_intersection": {
    "5": 0.03414634146341464,
    "10": 0.12439024390243904
  },
  "wilcoxon_statistic": 432.0,
  "wilcoxon_p_value": 8.694288909035517e-17,
  "wilcoxon_reject_h0": true
}