{
  "explainer_a": "DNN_PA-SHAP",
  "explainer_b": "RF_SHAP",
  "spearman_mean": 0.3894218007318508,
  "spearman_std": 0.02905431233000688,
  "kendall_mean": 0.27754563009140953,
  "kendall_std": 0.023235653401491262,
  "top_k_intersection": {
    "5": 0.13170731707317074,
    "10": 0.2975609756097561
  },
  "wilcoxon_statistic": 1157.0,
  "wilcoxon_p_value": 2.6121651656621287e-10,
  "wilcoxon_reject_h0": true
}