{
  "explainer_a": "DNN_LIME",
  "explainer_b": "RF_SHAP",
  "spearman_mean": -0.11960342689167759,
  "spearman_std": 0.06634974272036154,
  "kendall_mean": -0.09613336185585908,
  "kendall_std": 0.05350966909475701,
  "top_k_intersection": {
    "5": 0.004878048780487805,
    "10": 0.02682926829268293
  },
  "wilcoxon_statistic": 2018.0,
  "wilcoxon_p_value": 3.861556695379824e-05,
  "wilcoxon_reject_h0": true
}