{
  "explainer_a": "DNN_DeepLIFT",
  "explainer_b": "RF_SHAP",
  "spearman_mean": 0.4720980607460878,
  "spearman_std": 0.05489352162931427,
  "kendall_mean": 0.37916586353661075,
  "kendall_std": 0.04861441820060318,
  "top_k_intersection": {
    "5": 0.24390243902439024,
    "10": 0.4195121951219512
  },
  "wilcoxon_statistic": 1290.0,
  "wilcoxon_p_value": 2.47587398438796e-09,
  "wilcoxon_reject_h0": true
}