{
  "explainer_a": "DNN_PA-SHAP",
  "explainer_b": "RF_PA-SHAP",
  "spearman_mean": 0.8290674893187535,
  "spearman_std": 0.06560900773070692,
  "kendall_mean": 0.6919582315561497,
  "kendall_std": 0.05573997173915382,
  "top_k_intersection": {
    "5": 0.5024390243902439,
    "10": 0.6024390243902438
  },
  "wilcoxon_statistic": 25.0,
  "wilcoxon_p_value": 9.692011736492135e-14,
  "wilcoxon_reject_h0": true
}