{
  "explainer_a": "DNN_LIME",
  "explainer_b": "RF_PA-SHAP",
  "spearman_mean": -0.05962461148124241,
  "spearman_std": 0.055971454049912966,
  "kendall_mean": -0.0509418073846589,
  "kendall_std": 0.04941123358874387,
  "top_k_intersection": {
    "5": 0.0,
    "10": 0.004878048780487805
  },
  "wilcoxon_statistic": 1628.0,
  "wilcoxon_p_value": 1.3333369495125959e-05,
  "wilcoxon_reject_h0": true
}