{
  "explainer_a": "DNN_IG",
  "explainer_b": "DNN_PA-SHAP",
  "spearman_mean": 0.45990425801734336,
  "spearman_std": 0.03692972879981633,
  "kendall_mean": 0.3936922931121375,
  "kendall_std": 0.03114411290034256,
  "top_k_intersection": {
    "5": 0.30731707317073165,
    "10": 0.46829268292682935
  },
  "wilcoxon_statistic": 127.0,
  "wilcoxon_p_value": 4.614932444470836e-12,
  "wilcoxon_reject_h0": true
}