{
  "explainer_a": "DNN_DeepLIFT",
  "explainer_b": "DNN_IG",
  "spearman_mean": 0.9993054071535947,
  "spearman_std": 0.0007788009663997333,
  "kendall_mean": 0.9858784649920084,
  "kendall_std": 0.008912494909338747,
  "top_k_intersection": {
    "5": 0.8487804878048781,
    "10": 0.9292682926829267
  },
  "wilcoxon_statistic": 12.0,
  "wilcoxon_p_value": 1.0551976875643734e-06,
  "wilcoxon_reject_h0": true
}