{
  "explainer_a": "DNN_IG",
  "explainer_b": "DNN_SHAP",
  "spearman_mean": 0.49913922279604,
  "spearman_std": 0.030660746022422414,
  "kendall_mean": 0.42516825739804626,
  "kendall_std": 0.02758771116511573,
  "top_k_intersection": {
    "5": 0.5365853658536586,
    "10": 0.6292682926829268
  },
  "wilcoxon_statistic": 35.0,
  "wilcoxon_p_value": 3.187330595137905e-13,
  "wilcoxon_reject_h0": true
}