{
  "explainer_a": "DNN_PA-IG",
  "explainer_b": "RF_SHAP",
  "spearman_mean": 0.4779862968113192,
  "spearman_std": 0.047561466502668626,
  "kendall_mean": 0.3863130124337665,
  "kendall_std": 0.0385908058412685,
  "top_k_intersection": {
    "5": 0.3170731707317073,
    "10": 0.4146341463414634
  },
  "wilcoxon_statistic": 2234.0,
  "wilcoxon_p_value": 0.0006080990401730934,
  "wilcoxon_reject_h0": true
}