{
  "explainer_a": "RF_LIME",
  "explainer_b": "RF_SHAP",
  "spearman_mean": 0.003430055777002807,
  "spearman_std": 0.11496653962381055,
  "kendall_mean": 0.0034152594191380623,
  "kendall_std": 0.09340261133436269,
  "top_k_intersection": {
    "5": 0.15121951219512195,
    "10": 0.1951219512195122
  },
  "wilcoxon_statistic": 3281.0,
  "wilcoxon_p_value": 0.5376895291351125,
  "wilcoxon_reject_h0": false
}