{
  "explainer_a": "RF_LIME",
  "explainer_b": "RF_PA-SHAP",
  "spearman_mean": -0.0320287254496958,
  "spearman_std": 0.10353118110148127,
  "kendall_mean": -0.027737624416235448,
  "kendall_std": 0.0900121600939413,
  "top_k_intersection": {
    "5": 0.10243902439024391,
    "10": 0.11707317073170731
  },
  "wilcoxon_statistic": 2299.0,
  "wilcoxon_p_value": 0.012031966698596961,
  "wilcoxon_reject_h0": true
}