{
  "explainer_a": "DNN_PA-LIME",
  "explainer_b": "RF_PA-SHAP",
  "spearman_mean": 0.29378688918973234,
  "spearman_std": 0.07049838584791951,
  "kendall_mean": 0.20622307553696775,
  "kendall_std": 0.049088918781321565,
  "top_k_intersection": {
    "5": 0.06743515850144093,
    "10": 0.20403458213256487
  },
  "wilcoxon_statistic": 121.0,
  "wilcoxon_p_value": 1.387125398926681e-11,
  "wilcoxon_reject_h0": true
}