{
  "explainer_a": "DNN_SHAP",
  "explainer_b": "RF_SHAP",
  "spearman_mean": 0.6812749980367878,
  "spearman_std": 0.04298175694257451,
  "kendall_mean": 0.5051567338826537,
  "kendall_std": 0.03560435317364107,
  "top_k_intersection": {
    "5": 0.10259365994236312,
    "10": 0.3582132564841498
  },
  "wilcoxon_statistic": 164.0,
  "wilcoxon_p_value": 7.032888724778652e-10,
  "wilcoxon_reject_h0": true
}