{
  "explainer_a": "DNN_DeepLIFT",
  "explainer_b": "RF_SHAP",
  "spearman_mean": 0.43862900287035705,
  "spearman_std": 0.2905342141082455,
  "kendall_mean": 0.3384861644940773,
  "kendall_std": 0.223770075787125,
  "top_k_intersection": {
    "5": 0.09971181556195964,
    "10": 0.3089337175792507
  },
  "wilcoxon_statistic": 333.0,
  "wilcoxon_p_value": 1.708090017009444e-07,
  "wilcoxon_reject_h0": true
}