{
  "explainer_a": "DNN_PA-LIME",
  "explainer_b": "RF_SHAP",
  "spearman_mean": 0.3008382328153963,
  "spearman_std": 0.08726305033777533,
  "kendall_mean": 0.2075886079637531,
  "kendall_std": 0.05927510645478147,
  "top_k_intersection": {
    "5": 0.01729106628242075,
    "10": 0.12190201729106627
  },
  "wilcoxon_statistic": 131.0,
  "wilcoxon_p_value": 8.313346497656752e-12,
  "wilcoxon_reject_h0": true
}