{
  "explainer_a": "RF_LIME",
  "explainer_b": "RF_PA-SHAP",
  "spearman_mean": 0.2789520347962741,
  "spearman_std": 0.10065154645360772,
  "kendall_mean": 0.23059359477730293,
  "kendall_std": 0.08262337214041744,
  "top_k_intersection": {
    "5": 0.3971181556195965,
    "10": 0.4956772334293948
  },
  "wilcoxon_statistic": 193.0,
  "wilcoxon_p_value": 5.071635084256771e-10,
  "wilcoxon_reject_h0": true
}