{
  "explainer_a": "RF_LIME",
  "explainer_b": "RF_PA-LIME",
  "spearman_mean": 0.09202387466869198,
  "spearman_std": 0.1025770178506949,
  "kendall_mean": 0.07636819115533716,
  "kendall_std": 0.08519503717485127,
  "top_k_intersection": {
    "5": 0.23919308357348704,
    "10": 0.31613832853025936
  },
  "wilcoxon_statistic": 193.0,
  "wilcoxon_p_value": 3.055613388126844e-11,
  "wilcoxon_reject_h0": true
}