{
  "explainer_a": "DNN_IG",
  "explainer_b": "DNN_LIME",
  "spearman_mean": 0.21412554133529285,
  "spearman_std": 0.08286408630415454,
  "kendall_mean": 0.18653381389731183,
  "kendall_std": 0.07240340985333016,
  "top_k_intersection": {
    "5": 0.24733727810650885,
    "10": 0.2656804733727811
  },
  "wilcoxon_statistic": 1160.0,
  "wilcoxon_p_value": 0.6292341531955209,
  "wilcoxon_reject_h0": false
}