{
  "explainer_a": "DNN_IG",
  "explainer_b": "RF_SHAP",
  "spearman_mean": 0.4431133368654721,
  "spearman_std": 0.07012644063982866,
  "kendall_mean": 0.34369439304522387,
  "kendall_std": 0.05295452511323382,
  "top_k_intersection": {
    "5": 0.19644970414201177,
    "10": 0.13846153846153847
  },
  "wilcoxon_statistic": 749.0,
  "wilcoxon_p_value": 0.006118786974210482,
  "wilcoxon_reject_h0": true
}