{
  "explainer_a": "DNN_LIME",
  "explainer_b": "RF_PA-SHAP",
  "spearman_mean": 0.11897430492097172,
  "spearman_std": 0.11322105105315532,
  "kendall_mean": 0.09612311925296868,
  "kendall_std": 0.09222919480483144,
  "top_k_intersection": {
    "5": 0.17514792899408282,
    "10": 0.15562130177514794
  },
  "wilcoxon_statistic": 423.0,
  "wilcoxon_p_value": 9.632091781201698e-07,
  "wilcoxon_reject_h0": true
}