{
  "explainer_a": "DNN_DeepLIFT",
  "explainer_b": "DNN_LIME",
  "spearman_mean": 0.21047300713116016,
  "spearman_std": 0.08040658426922206,
  "kendall_mean": 0.18313259924989816,
  "kendall_std": 0.07003747261510755,
  "top_k_intersection": {
    "5": 0.21656804733727808,
    "10": 0.2562130177514793
  },
  "wilcoxon_statistic": 1103.0,
  "wilcoxon_p_value": 0.4142831315555915,
  "wilcoxon_reject_h0": false
}