{
  "explainer_a": "DNN_LIME",
  "explainer_b": "RF_SHAP",
  "spearman_mean": 0.13256620266838615,
  "spearman_std": 0.10374742047724331,
  "kendall_mean": 0.10662585992718676,
  "kendall_std": 0.0839016487561422,
  "top_k_intersection": {
    "5": 0.18343195266272191,
    "10": 0.17988165680473372
  },
  "wilcoxon_statistic": 444.0,
  "wilcoxon_p_value": 1.7644704640465479e-06,
  "wilcoxon_reject_h0": true
}