{
  "explainer_a": "DNN_PA-IG",
  "explainer_b": "RF_PA-SHAP",
  "spearman_mean": 0.2577007463104466,
  "spearman_std": 0.19764300082884312,
  "kendall_mean": 0.19798756239265156,
  "kendall_std": 0.14794722099299917,
  "top_k_intersection": {
    "5": 0.024852071005917162,
    "10": 0.1378698224852071
  },
  "wilcoxon_statistic": 592.0,
  "wilcoxon_p_value": 0.001689266920032649,
  "wilcoxon_reject_h0": true
}