{
  "explainer_a": "DNN_DeepLIFT",
  "explainer_b": "RF_SHAP",
  "spearman_mean": 0.4393464663701278,
  "spearman_std": 0.07000065455936412,
  "kendall_mean": 0.3399229808847242,
  "kendall_std": 0.04992134652722099,
  "top_k_intersection": {
    "5": 0.19881656804733724,
    "10": 0.11538461538461539
  },
  "wilcoxon_statistic": 724.0,
  "wilcoxon_p_value": 0.0038423745047832768,
  "wilcoxon_reject_h0": true
}