{
  "explainer_a": "DNN_IG",
  "explainer_b": "DNN_PA-LIME",
  "spearman_mean": 0.1332376864072834,
  "spearman_std": 0.08071247420125185,
  "kendall_mean": 0.10077091501527966,
  "kendall_std": 0.06174617827517325,
  "top_k_intersection": {
    "5": 0.21065088757396447,
    "10": 0.24201183431952666
  },
  "wilcoxon_statistic": 1049.0,
  "wilcoxon_p_value": 0.44864027960928776,
  "wilcoxon_reject_h0": false
}