{
  "explainer_a": "RF_PA-SHAP",
  "explainer_b": "RF_SHAP",
  "spearman_mean": 0.9476771891290732,
  "spearman_std": 0.011336540103810088,
  "kendall_mean": 0.8155074627796198,
  "kendall_std": 0.01566348925404286,
  "top_k_intersection": {
    "5": 0.4035502958579881,
    "10": 0.4017751479289941
  },
  "wilcoxon_statistic": 1076.0,
  "wilcoxon_p_value": 0.553379070691838,
  "wilcoxon_reject_h0": false
}