{
  "explainer_a": "RF_PA-LIME",
  "explainer_b": "RF_PA-SHAP",
  "spearman_mean": 0.10871179685626553,
  "spearman_std": 0.04296226925560431,
  "kendall_mean": 0.08043097607474829,
  "kendall_std": 0.03221972214725048,
  "top_k_intersection": {
    "5": 0.002366863905325444,
    "10": 0.10769230769230768
  },
  "wilcoxon_statistic": 943.0,
  "wilcoxon_p_value": 0.03734810741451373,
  "wilcoxon_reject_h0": true
}