{
  "explainer_a": "DNN_LIME",
  "explainer_b": "RF_PA-LIME",
  "spearman_mean": -0.05901663170259628,
  "spearman_std": 0.08069368421652787,
  "kendall_mean": -0.0498914831265075,
  "kendall_std": 0.06668194385125853,
  "top_k_intersection": {
    "5": 0.16455142231947484,
    "10": 0.13208424507658645
  },
  "wilcoxon_statistic": 802.0,
  "wilcoxon_p_value": 0.00994066590977241,
  "wilcoxon_reject_h0": true
}