{
  "explainer_a": "DNN_IG",
  "explainer_b": "DNN_PA-LIME",
  "spearman_mean": 0.17797080735890433,
  "spearman_std": 0.14649626579228475,
  "kendall_mean": 0.13135040279130472,
  "kendall_std": 0.1092045669624133,
  "top_k_intersection": {
    "5": 0.1926148796498906,
    "10": 0.21146061269146613
  },
  "wilcoxon_statistic": 892.0,
  "wilcoxon_p_value": 0.04024844648895727,
  "wilcoxon_reject_h0": true
}