{
  "explainer_a": "DNN_DeepLIFT",
  "explainer_b": "RF_PA-SHAP",
  "spearman_mean": 0.04392903060242834,
  "spearman_std": 0.15008324306395124,
  "kendall_mean": 0.03456569689599802,
  "kendall_std": 0.11776795300485683,
  "top_k_intersection": {
    "5": 0.20454048140043762,
    "10": 0.2742067833698031
  },
  "wilcoxon_statistic": 258.0,
  "wilcoxon_p_value": 3.727580783381281e-08,
  "wilcoxon_reject_h0": true
}