{
  "explainer_a": "DNN_PA-DeepLIFT",
  "explainer_b": "RF_PA-SHAP",
  "spearman_mean": 0.7029646935082938,
  "spearman_std": 0.05725127558255149,
  "kendall_mean": 0.5407568309834159,
  "kendall_std": 0.04909969900531176,
  "top_k_intersection": {
    "5": 0.5260940919037199,
    "10": 0.4141137855579869
  },
  "wilcoxon_statistic": 535.0,
  "wilcoxon_p_value": 0.00016131307557738916,
  "wilcoxon_reject_h0": true
}