{
  "explainer_a": "DNN_PA-DeepLIFT",
  "explainer_b": "DNN_SHAP",
  "spearman_mean": 0.7854518463050822,
  "spearman_std": 0.08586788426947584,
  "kendall_mean": 0.660957096991777,
  "kendall_std": 0.07611003704195311,
  "top_k_intersection": {
    "5": 0.511816192560175,
    "10": 0.6393052516411378
  },
  "wilcoxon_statistic": 0.0,
  "wilcoxon_p_value": 1.119700309921998e-12,
  "wilcoxon_reject_h0": true
}