{
  "explainer_a": "DNN_IG",
  "explainer_b": "RF_LIME",
  "spearman_mean": 0.019247343183353714,
  "spearman_std": 0.09207065709573108,
  "kendall_mean": 0.016124294933977733,
  "kendall_std": 0.0796957042345263,
  "top_k_intersection": {
    "5": 0.2999452954048141,
    "10": 0.22450765864332603
  },
  "wilcoxon_statistic": 429.0,
  "wilcoxon_p_value": 9.202165857236178e-06,
  "wilcoxon_reject_h0": true
}