{
  "explainer_a": "DNN_IG",
  "explainer_b": "DNN_PA-DeepLIFT",
  "spearman_mean": 0.6647895436210405,
  "spearman_std": 0.18842146309675123,
  "kendall_mean": 0.5627509927750618,
  "kendall_std": 0.16518173427275798,
  "top_k_intersection": {
    "5": 0.41176148796498907,
    "10": 0.45183260393873087
  },
  "wilcoxon_statistic": 971.0,
  "wilcoxon_p_value": 0.29397727157747766,
  "wilcoxon_reject_h0": false
}