{
  "explainer_a": "DNN_IG",
  "explainer_b": "DNN_SHAP",
  "spearman_mean": 0.6785220200317793,
  "spearman_std": 0.21662940631463456,
  "kendall_mean": 0.5595401463960396,
  "kendall_std": 0.17852450362827993,
  "top_k_intersection": {
    "5": 0.36777899343544856,
    "10": 0.49007111597374176
  },
  "wilcoxon_statistic": 0.0,
  "wilcoxon_p_value": 1.119700309921998e-12,
  "wilcoxon_reject_h0": true
}