{
  "explainer_a": "DNN_IG",
  "explainer_b": "RF_PA-LIME",
  "spearman_mean": 0.20260246713426014,
  "spearman_std": 0.1439929224008263,
  "kendall_mean": 0.15223945465875385,
  "kendall_std": 0.10852624382016515,
  "top_k_intersection": {
    "5": 0.19852297592997814,
    "10": 0.22549234135667395
  },
  "wilcoxon_statistic": 1210.0,
  "wilcoxon_p_value": 0.8491555962172818,
  "wilcoxon_reject_h0": false
}