{
  "explainer_a": "RF_LIME",
  "explainer_b": "RF_PA-LIME",
  "spearman_mean": -0.023810355596554634,
  "spearman_std": 0.06517995495262616,
  "kendall_mean": -0.01984911220162602,
  "kendall_std": 0.053921136743000087,
  "top_k_intersection": {
    "5": 0.187855579868709,
    "10": 0.19379102844638954
  },
  "wilcoxon_statistic": 527.0,
  "wilcoxon_p_value": 2.82371343390653e-05,
  "wilcoxon_reject_h0": true
}