{
  "explainer_a": "RF_PA-LIME",
  "explainer_b": "RF_PA-SHAP",
  "spearman_mean": 0.2662646849947161,
  "spearman_std": 0.1293785508432464,
  "kendall_mean": 0.19472931896881265,
  "kendall_std": 0.0951463166209351,
  "top_k_intersection": {
    "5": 0.22013129102844642,
    "10": 0.28503829321663016
  },
  "wilcoxon_statistic": 268.0,
  "wilcoxon_p_value": 1.1775017292960483e-08,
  "wilcoxon_reject_h0": true
}