{
  "explainer_a": "DNN_PA-IG",
  "explainer_b": "RF_SHAP",
  "spearman_mean": 0.5609838016993393,
  "spearman_std": 0.0841827000287679,
  "kendall_mean": 0.42344463962736495,
  "kendall_std": 0.06528103666845939,
  "top_k_intersection": {
    "5": 0.1388888888888889,
    "10": 0.2791666666666667
  },
  "wilcoxon_statistic": 607.0,
  "wilcoxon_p_value": 0.0005432727819860468,
  "wilcoxon_reject_h0": true
}