{
  "explainer_a": "DNN_IG",
  "explainer_b": "RF_PA-SHAP",
  "spearman_mean": 0.610479302614465,
  "spearman_std": 0.13408986229179443,
  "kendall_mean": 0.4691808562861405,
  "kendall_std": 0.09286053580263653,
  "top_k_intersection": {
    "5": 0.20555555555555557,
    "10": 0.27499999999999997
  },
  "wilcoxon_statistic": 443.0,
  "wilcoxon_p_value": 3.8929634799809994e-05,
  "wilcoxon_reject_h0": true
}