{
  "explainer_a": "DNN_PA-LIME",
  "explainer_b": "RF_LIME",
  "spearman_mean": 0.008719810843040117,
  "spearman_std": 0.07062273791067673,
  "kendall_mean": 0.007265012521217646,
  "kendall_std": 0.05805544591810438,
  "top_k_intersection": {
    "5": 0.19999999999999998,
    "10": 0.19444444444444445
  },
  "wilcoxon_statistic": 14.0,
  "wilcoxon_p_value": 2.1025058965764846e-12,
  "wilcoxon_reject_h0": true
}