{
  "explainer_a": "DNN_IG",
  "explainer_b": "RF_SHAP",
  "spearman_mean": 0.6307930801543876,
  "spearman_std": 0.1257587136990092,
  "kendall_mean": 0.48102876522552623,
  "kendall_std": 0.08970430786631564,
  "top_k_intersection": {
    "5": 0.23333333333333334,
    "10": 0.35138888888888886
  },
  "wilcoxon_statistic": 476.0,
  "wilcoxon_p_value": 2.0542028643847145e-05,
  "wilcoxon_reject_h0": true
}