{
  "explainer_a": "DNN_IG",
  "explainer_b": "RF_LIME",
  "spearman_mean": -0.036471374588821416,
  "spearman_std": 0.08421328317348936,
  "kendall_mean": -0.031048592982515468,
  "kendall_std": 0.07306346497017778,
  "top_k_intersection": {
    "5": 0.11388888888888887,
    "10": 0.13611111111111113
  },
  "wilcoxon_statistic": 262.0,
  "wilcoxon_p_value": 4.294113739907018e-08,
  "wilcoxon_reject_h0": true
}