{
  "explainer_a": "DNN_PA-SHAP",
  "explainer_b": "RF_SHAP",
  "spearman_mean": 0.7322181559930824,
  "spearman_std": 0.04764114326469924,
  "kendall_mean": 0.5557567728006885,
  "kendall_std": 0.04788138169813532,
  "top_k_intersection": {
    "5": 0.4361111111111111,
    "10": 0.4791666666666667
  },
  "wilcoxon_statistic": 32.0,
  "wilcoxon_p_value": 3.1265915069519336e-12,
  "wilcoxon_reject_h0": true
}