{
  "explainer_a": "DNN_DeepLIFT",
  "explainer_b": "RF_PA-SHAP",
  "spearman_mean": 0.615968797945067,
  "spearman_std": 0.1395579793468075,
  "kendall_mean": 0.47434938294133555,
  "kendall_std": 0.09875816062509879,
  "top_k_intersection": {
    "5": 0.31666666666666665,
    "10": 0.2888888888888889
  },
  "wilcoxon_statistic": 346.0,
  "wilcoxon_p_value": 2.0581321119210615e-06,
  "wilcoxon_reject_h0": true
}