{
  "explainer_a": "DNN_IG",
  "explainer_b": "DNN_PA-DeepLIFT",
  "spearman_mean": 0.7230681857252088,
  "spearman_std": 0.11525279534142506,
  "kendall_mean": 0.6608323792576788,
  "kendall_std": 0.10598157047859369,
  "top_k_intersection": {
    "5": 0.39999999999999997,
    "10": 0.5027777777777778
  },
  "wilcoxon_statistic": 288.0,
  "wilcoxon_p_value": 4.930353003749998e-07,
  "wilcoxon_reject_h0": true
}