{
  "explainer_a": "DNN_SHAP",
  "explainer_b": "RF_PA-LIME",
  "spearman_mean": 0.10267119532555306,
  "spearman_std": 0.059718286434539365,
  "kendall_mean": 0.07472601961694895,
  "kendall_std": 0.04118006159300236,
  "top_k_intersection": {
    "5": 0.1861111111111111,
    "10": 0.1111111111111111
  },
  "wilcoxon_statistic": 696.0,
  "wilcoxon_p_value": 0.0013827979794331091,
  "wilcoxon_reject_h0": true
}