{
  "explainer_a": "DNN_IG",
  "explainer_b": "DNN_LIME",
  "spearman_mean": -0.07478887816259215,
  "spearman_std": 0.11557336661046708,
  "kendall_mean": -0.061859840356194934,
  "kendall_std": 0.10129211419865496,
  "top_k_intersection": {
    "5": 0.09722222222222222,
    "10": 0.18333333333333335
  },
  "wilcoxon_statistic": 386.0,
  "wilcoxon_p_value": 2.554582032957981e-06,
  "wilcoxon_reject_h0": true
}