{
  "explainer_a": "DNN_SHAP",
  "explainer_b": "RF_SHAP",
  "spearman_mean": 0.7240325875410276,
  "spearman_std": 0.046079348459527325,
  "kendall_mean": 0.545131729370312,
  "kendall_std": 0.04542579817779342,
  "top_k_intersection": {
    "5": 0.4666666666666667,
    "10": 0.47777777777777786
  },
  "wilcoxon_statistic": 49.0,
  "wilcoxon_p_value": 6.509119236095023e-12,
  "wilcoxon_reject_h0": true
}