{
  "explainer_a": "RF_LIME",
  "explainer_b": "RF_PA-SHAP",
  "spearman_mean": 0.17835777421449472,
  "spearman_std": 0.08203070752309413,
  "kendall_mean": 0.14720573703899578,
  "kendall_std": 0.06894754735467659,
  "top_k_intersection": {
    "5": 0.48055555555555557,
    "10": 0.49583333333333335
  },
  "wilcoxon_statistic": 273.0,
  "wilcoxon_p_value": 6.316735274453612e-08,
  "wilcoxon_reject_h0": true
}