{
  "DNN_SHAP": {
    "time_per_sample_ms": 64.2470677614212,
    "total_time_s": 642.470677614212,
    "summary_plot_time_s": 3.1410884857177734
  },
  "DNN_LIME": {
    "time_per_sample_ms": 142.83421850204468,
    "total_time_s": 1428.3421850204468,
    "summary_plot_time_s": 3.0691444873809814
  },
  "DNN_IG": {
    "time_per_sample_ms": 0.8353215456008911,
    "total_time_s": 8.353215456008911,
    "summary_plot_time_s": 3.0864386558532715
  },
  "DNN_DeepLIFT": {
    "time_per_sample_ms": 0.032197856903076166,
    "total_time_s": 0.3219785690307617,
    "summary_plot_time_s": 3.0615577697753906
  },
  "RF_SHAP": {
    "time_per_sample_ms": 22.471246480941772,
    "total_time_s": 224.71246480941772,
    "summary_plot_time_s": 3.0885140895843506
  },
  "RF_LIME": {
    "time_per_sample_ms": 205.37791035175323,
    "total_time_s": 2053.7791035175323,
    "summary_plot_time_s": 3.0584003925323486
  },
  "XGB_LIME": {
    "time_per_sample_ms": 148.07491927146913,
    "total_time_s": 1480.7491927146912,
    "summary_plot_time_s": 3.2584433555603027
  }
}