{
  "explainer_a": "DNN_DeepLIFT",
  "explainer_b": "RF_SHAP",
  "spearman_mean": 0.4778497199191535,
  "spearman_std": 0.08886082130234649,
  "kendall_mean": 0.38200258375675045,
  "kendall_std": 0.06932128971641124,
  "top_k_intersection": {
    "5": 0.3447876447876448,
    "10": 0.45830115830115825
  },
  "wilcoxon_statistic": 2337.0,
  "wilcoxon_p_value": 0.0016250381642359142,
  "wilcoxon_reject_h0": true
}