{
  "explainer_a": "DNN_PA-SHAP",
  "explainer_b": "RF_PA-SHAP",
  "spearman_mean": 0.8683036146138138,
  "spearman_std": 0.02765437245343683,
  "kendall_mean": 0.7274703994823254,
  "kendall_std": 0.0274080160851764,
  "top_k_intersection": {
    "5": 0.5806949806949806,
    "10": 0.6133204633204633
  },
  "wilcoxon_statistic": 10.0,
  "wilcoxon_p_value": 7.785786824182154e-15,
  "wilcoxon_reject_h0": true
}