{
  "explainer_a": "DNN_IG",
  "explainer_b": "DNN_PA-DeepLIFT",
  "spearman_mean": 0.7627578901860178,
  "spearman_std": 0.0630777878173672,
  "kendall_mean": 0.734704228627103,
  "kendall_std": 0.05829393166486242,
  "top_k_intersection": {
    "5": 0.5698841698841699,
    "10": 0.6837837837837838
  },
  "wilcoxon_statistic": 254.0,
  "wilcoxon_p_value": 2.5982508223116463e-05,
  "wilcoxon_reject_h0": true
}