{
  "explainer_a": "DNN_SHAP",
  "explainer_b": "RF_PA-SHAP",
  "spearman_mean": 0.7017704587416306,
  "spearman_std": 0.02734100461415817,
  "kendall_mean": 0.5768199360235087,
  "kendall_std": 0.03038870171407194,
  "top_k_intersection": {
    "5": 0.42007722007722004,
    "10": 0.5
  },
  "wilcoxon_statistic": 110.0,
  "wilcoxon_p_value": 4.2095056686549575e-15,
  "wilcoxon_reject_h0": true
}