{
  "explainer_a": "DNN_PA-DeepLIFT",
  "explainer_b": "RF_PA-SHAP",
  "spearman_mean": 0.5347609506501899,
  "spearman_std": 0.07823794636465993,
  "kendall_mean": 0.4584766166016131,
  "kendall_std": 0.06267412542068031,
  "top_k_intersection": {
    "5": 0.2223938223938224,
    "10": 0.3474903474903475
  },
  "wilcoxon_statistic": 927.0,
  "wilcoxon_p_value": 0.0005533126953763132,
  "wilcoxon_reject_h0": true
}