{
  "explainer_a": "DNN_IG",
  "explainer_b": "DNN_PA-SHAP",
  "spearman_mean": 0.5197187568526199,
  "spearman_std": 0.05364144932896075,
  "kendall_mean": 0.44855126129561146,
  "kendall_std": 0.04523645745453789,
  "top_k_intersection": {
    "5": 0.46177606177606173,
    "10": 0.5893822393822394
  },
  "wilcoxon_statistic": 0.0,
  "wilcoxon_p_value": 5.362626265112969e-15,
  "wilcoxon_reject_h0": true
}