{
  "explainer_a": "DNN_IG",
  "explainer_b": "DNN_LIME",
  "spearman_mean": -0.10163218325588418,
  "spearman_std": 0.036002339599759285,
  "kendall_mean": -0.09673979999597557,
  "kendall_std": 0.034107526712808305,
  "top_k_intersection": {
    "5": 0.011583011583011582,
    "10": 0.011583011583011584
  },
  "wilcoxon_statistic": 2843.0,
  "wilcoxon_p_value": 0.21925810493115683,
  "wilcoxon_reject_h0": false
}