{
  "explainer_a": "RF_LIME",
  "explainer_b": "RF_SHAP",
  "spearman_mean": 0.05129913542609284,
  "spearman_std": 0.12448584823512968,
  "kendall_mean": 0.04108603275157198,
  "kendall_std": 0.10079757206639049,
  "top_k_intersection": {
    "5": 0.33204633204633205,
    "10": 0.24015444015444015
  },
  "wilcoxon_statistic": 3650.0,
  "wilcoxon_p_value": 0.9165682763954367,
  "wilcoxon_reject_h0": false
}