{
  "explainer_a": "DNN_DeepLIFT",
  "explainer_b": "RF_LIME",
  "spearman_mean": -0.02555273432557475,
  "spearman_std": 0.14279999505084146,
  "kendall_mean": -0.021491540687930397,
  "kendall_std": 0.12608858000947132,
  "top_k_intersection": {
    "5": 0.2307692307692308,
    "10": 0.23461538461538461
  },
  "wilcoxon_statistic": 237.0,
  "wilcoxon_p_value": 1.0027989493350782e-06,
  "wilcoxon_reject_h0": true
}