{
  "explainer_a": "DNN_DeepLIFT",
  "explainer_b": "DNN_PA-IG",
  "spearman_mean": 0.6993011765195399,
  "spearman_std": 0.119781201827597,
  "kendall_mean": 0.6076762036957413,
  "kendall_std": 0.10065184666085909,
  "top_k_intersection": {
    "5": 0.22307692307692312,
    "10": 0.37692307692307697
  },
  "wilcoxon_statistic": 282.0,
  "wilcoxon_p_value": 2.56440321060912e-05,
  "wilcoxon_reject_h0": true
}