{
  "explainer_a": "DNN_PA-DeepLIFT",
  "explainer_b": "RF_PA-SHAP",
  "spearman_mean": 0.5024301207940454,
  "spearman_std": 0.0821463807328728,
  "kendall_mean": 0.39094920607466943,
  "kendall_std": 0.05878555619247593,
  "top_k_intersection": {
    "5": 0.19230769230769235,
    "10": 0.23076923076923078
  },
  "wilcoxon_statistic": 728.0,
  "wilcoxon_p_value": 0.32356941859212596,
  "wilcoxon_reject_h0": false
}