{
  "explainer_a": "DNN_PA-SHAP",
  "explainer_b": "RF_PA-SHAP",
  "spearman_mean": 0.7868580539593909,
  "spearman_std": 0.0354962369416618,
  "kendall_mean": 0.6316626644203633,
  "kendall_std": 0.04258318256440997,
  "top_k_intersection": {
    "5": 0.5153846153846153,
    "10": 0.5384615384615384
  },
  "wilcoxon_statistic": 28.0,
  "wilcoxon_p_value": 9.89049634461041e-11,
  "wilcoxon_reject_h0": true
}