{
  "explainer_a": "DNN_DeepLIFT",
  "explainer_b": "RF_SHAP",
  "spearman_mean": 0.5468810918757601,
  "spearman_std": 0.08495037614956001,
  "kendall_mean": 0.43307814747800194,
  "kendall_std": 0.06469162778509478,
  "top_k_intersection": {
    "5": 0.4538461538461539,
    "10": 0.4538461538461539
  },
  "wilcoxon_statistic": 702.0,
  "wilcoxon_p_value": 0.0040023495898075774,
  "wilcoxon_reject_h0": true
}