{
  "explainer_a": "DNN_PA-IG",
  "explainer_b": "RF_PA-SHAP",
  "spearman_mean": 0.492103395312729,
  "spearman_std": 0.07793306746622422,
  "kendall_mean": 0.37744685562137875,
  "kendall_std": 0.056514164658316636,
  "top_k_intersection": {
    "5": 0.09230769230769233,
    "10": 0.18076923076923077
  },
  "wilcoxon_statistic": 649.0,
  "wilcoxon_p_value": 0.10986619152100893,
  "wilcoxon_reject_h0": false
}