{
  "explainer_a": "DNN_IG",
  "explainer_b": "RF_PA-SHAP",
  "spearman_mean": 0.49301091360882165,
  "spearman_std": 0.07769976886074152,
  "kendall_mean": 0.39399906305897836,
  "kendall_std": 0.05543609172130695,
  "top_k_intersection": {
    "5": 0.3076923076923077,
    "10": 0.32307692307692304
  },
  "wilcoxon_statistic": 512.0,
  "wilcoxon_p_value": 0.007825753505019356,
  "wilcoxon_reject_h0": true
}