{
  "explainer_a": "DNN_PA-LIME",
  "explainer_b": "RF_LIME",
  "spearman_mean": 0.0054681567918917675,
  "spearman_std": 0.05113983196018877,
  "kendall_mean": 0.003720476565272313,
  "kendall_std": 0.042688823869793814,
  "top_k_intersection": {
    "5": 0.16153846153846155,
    "10": 0.1461538461538462
  },
  "wilcoxon_statistic": 12.0,
  "wilcoxon_p_value": 2.8400446333530277e-12,
  "wilcoxon_reject_h0": true
}