{
  "explainer_a": "DNN_IG",
  "explainer_b": "DNN_PA-LIME",
  "spearman_mean": 0.12290612469109635,
  "spearman_std": 0.0676678651690359,
  "kendall_mean": 0.09412256091671971,
  "kendall_std": 0.05179852162193894,
  "top_k_intersection": {
    "5": 0.1,
    "10": 0.18846153846153849
  },
  "wilcoxon_statistic": 203.0,
  "wilcoxon_p_value": 3.0841247356178836e-09,
  "wilcoxon_reject_h0": true
}