{
  "explainer_a": "DNN_IG",
  "explainer_b": "RF_SHAP",
  "spearman_mean": 0.5386517973088716,
  "spearman_std": 0.08217646960718261,
  "kendall_mean": 0.42402476006098044,
  "kendall_std": 0.06182570082742298,
  "top_k_intersection": {
    "5": 0.36153846153846153,
    "10": 0.4461538461538461
  },
  "wilcoxon_statistic": 813.0,
  "wilcoxon_p_value": 0.027826251690507106,
  "wilcoxon_reject_h0": true
}