{
  "explainer_a": "DNN_DeepLIFT",
  "explainer_b": "DNN_PA-DeepLIFT",
  "spearman_mean": 0.7060326373530617,
  "spearman_std": 0.13158362920510716,
  "kendall_mean": 0.632382890676267,
  "kendall_std": 0.11429735845306406,
  "top_k_intersection": {
    "5": 0.37692307692307697,
    "10": 0.4461538461538461
  },
  "wilcoxon_statistic": 127.0,
  "wilcoxon_p_value": 4.414729440186924e-08,
  "wilcoxon_reject_h0": true
}