{
  "explainer_a": "DNN_DeepLIFT",
  "explainer_b": "DNN_SHAP",
  "spearman_mean": 0.45752577281812135,
  "spearman_std": 0.1321208265413128,
  "kendall_mean": 0.37960258355081045,
  "kendall_std": 0.11220104334108237,
  "top_k_intersection": {
    "5": 0.33076923076923076,
    "10": 0.3730769230769232
  },
  "wilcoxon_statistic": 238.0,
  "wilcoxon_p_value": 1.0419775908869366e-06,
  "wilcoxon_reject_h0": true
}