{
  "explainer_a": "DNN_IG",
  "explainer_b": "DNN_PA-SHAP",
  "spearman_mean": 0.46973705932199344,
  "spearman_std": 0.13975034438976616,
  "kendall_mean": 0.3868923459392463,
  "kendall_std": 0.11651420562129032,
  "top_k_intersection": {
    "5": 0.3,
    "10": 0.3846153846153847
  },
  "wilcoxon_statistic": 9.0,
  "wilcoxon_p_value": 3.7909295080327227e-11,
  "wilcoxon_reject_h0": true
}