{
  "explainer_a": "RF_LIME",
  "explainer_b": "RF_PA-LIME",
  "spearman_mean": 0.027932906318291092,
  "spearman_std": 0.05770374975124065,
  "kendall_mean": 0.022469653527339005,
  "kendall_std": 0.04755184480949306,
  "top_k_intersection": {
    "5": 0.19230769230769235,
    "10": 0.17692307692307693
  },
  "wilcoxon_statistic": 34.0,
  "wilcoxon_p_value": 7.65392381695161e-12,
  "wilcoxon_reject_h0": true
}