{
  "explainer_a": "DNN_IG",
  "explainer_b": "RF_PA-SHAP",
  "spearman_mean": 0.3787787128049284,
  "spearman_std": 0.011501762231261734,
  "kendall_mean": 0.29824849088173916,
  "kendall_std": 0.01143509249721163,
  "top_k_intersection": {
    "5": 0.5035714285714287,
    "10": 0.49821428571428567
  },
  "wilcoxon_statistic": 850.0,
  "wilcoxon_p_value": 0.49274143747083077,
  "wilcoxon_reject_h0": false
}