{
  "explainer_a": "DNN_IG",
  "explainer_b": "DNN_PA-LIME",
  "spearman_mean": -0.10357298912995017,
  "spearman_std": 0.06165415310542969,
  "kendall_mean": -0.07699997417709672,
  "kendall_std": 0.046862901027173456,
  "top_k_intersection": {
    "5": 0.014285714285714287,
    "10": 0.11428571428571428
  },
  "wilcoxon_statistic": 616.0,
  "wilcoxon_p_value": 0.0010868614009972549,
  "wilcoxon_reject_h0": true
}