{
  "explainer_a": "DNN_DeepLIFT",
  "explainer_b": "RF_LIME",
  "spearman_mean": 0.4106771195659234,
  "spearman_std": 0.01944929010516459,
  "kendall_mean": 0.3736873401808448,
  "kendall_std": 0.014017359014858592,
  "top_k_intersection": {
    "5": 0.5428571428571428,
    "10": 0.41250000000000003
  },
  "wilcoxon_statistic": 42.0,
  "wilcoxon_p_value": 0.0006973218305002639,
  "wilcoxon_reject_h0": true
}