{
  "explainer_a": "DNN_IG",
  "explainer_b": "DNN_PA-DeepLIFT",
  "spearman_mean": 0.1642788452208174,
  "spearman_std": 0.13828144968532985,
  "kendall_mean": 0.1342742323387447,
  "kendall_std": 0.12783558816052382,
  "top_k_intersection": {
    "5": 0.17142857142857143,
    "10": 0.22678571428571428
  },
  "wilcoxon_statistic": 466.0,
  "wilcoxon_p_value": 0.04227098165096169,
  "wilcoxon_reject_h0": true
}