{
  "explainer_a": "DNN_IG",
  "explainer_b": "DNN_SHAP",
  "spearman_mean": 0.09977055164724104,
  "spearman_std": 0.013736230929913513,
  "kendall_mean": 0.06741889374352893,
  "kendall_std": 0.009732795004927587,
  "top_k_intersection": {
    "5": 0.45,
    "10": 0.39285714285714285
  },
  "wilcoxon_statistic": 187.0,
  "wilcoxon_p_value": 1.6930992273504672e-09,
  "wilcoxon_reject_h0": true
}