{
  "explainer_a": "DNN_PA-IG",
  "explainer_b": "RF_LIME",
  "spearman_mean": 0.40888473989665985,
  "spearman_std": 0.016362059344856843,
  "kendall_mean": 0.3498786959580009,
  "kendall_std": 0.011208859841268832,
  "top_k_intersection": {
    "5": 0.375,
    "10": 0.41964285714285715
  },
  "wilcoxon_statistic": 17.0,
  "wilcoxon_p_value": 3.142410843626774e-09,
  "wilcoxon_reject_h0": true
}