{
  "explainer_a": "DNN_PA-IG",
  "explainer_b": "RF_PA-SHAP",
  "spearman_mean": 0.58627147672202,
  "spearman_std": 0.10354812161850387,
  "kendall_mean": 0.47926855316939704,
  "kendall_std": 0.08648542694672091,
  "top_k_intersection": {
    "5": 0.375,
    "10": 0.4107142857142857
  },
  "wilcoxon_statistic": 960.0,
  "wilcoxon_p_value": 0.9079040127929596,
  "wilcoxon_reject_h0": false
}