{
  "explainer_a": "DNN_IG",
  "explainer_b": "DNN_LIME",
  "spearman_mean": -0.04181743234249475,
  "spearman_std": 0.06386688703478248,
  "kendall_mean": -0.038041482199182144,
  "kendall_std": 0.058054547235849734,
  "top_k_intersection": {
    "5": 0.2357142857142857,
    "10": 0.12142857142857143
  },
  "wilcoxon_statistic": 202.0,
  "wilcoxon_p_value": 0.02410825053953369,
  "wilcoxon_reject_h0": true
}