{
  "explainer_a": "DNN_IG",
  "explainer_b": "DNN_PA-SHAP",
  "spearman_mean": 0.05925741933129182,
  "spearman_std": 0.010941290971497642,
  "kendall_mean": 0.03668810184108003,
  "kendall_std": 0.007380879708344296,
  "top_k_intersection": {
    "5": 0.5499999999999999,
    "10": 0.40714285714285714
  },
  "wilcoxon_statistic": 110.0,
  "wilcoxon_p_value": 8.286493722437103e-11,
  "wilcoxon_reject_h0": true
}