{
  "explainer_a": "DNN_PA-SHAP",
  "explainer_b": "RF_SHAP",
  "spearman_mean": 0.5274192191152169,
  "spearman_std": 0.02289612379403768,
  "kendall_mean": 0.38048445274212267,
  "kendall_std": 0.01702070565024067,
  "top_k_intersection": {
    "5": 0.625,
    "10": 0.4732142857142857
  },
  "wilcoxon_statistic": 38.0,
  "wilcoxon_p_value": 1.802677686310724e-12,
  "wilcoxon_reject_h0": true
}