{
  "explainer_a": "DNN_IG",
  "explainer_b": "RF_PA-LIME",
  "spearman_mean": -0.16718475936575355,
  "spearman_std": 0.055781460243850264,
  "kendall_mean": -0.12795413755693522,
  "kendall_std": 0.042352763149315874,
  "top_k_intersection": {
    "5": 0.0,
    "10": 0.0
  },
  "wilcoxon_statistic": 768.0,
  "wilcoxon_p_value": 0.020475284481840335,
  "wilcoxon_reject_h0": true
}