{
  "explainer_a": "DNN_IG",
  "explainer_b": "RF_SHAP",
  "spearman_mean": 0.4409229442047942,
  "spearman_std": 0.013368743527690782,
  "kendall_mean": 0.3497589539309103,
  "kendall_std": 0.010440030927890323,
  "top_k_intersection": {
    "5": 0.6357142857142858,
    "10": 0.41964285714285715
  },
  "wilcoxon_statistic": 885.0,
  "wilcoxon_p_value": 0.39974832220996126,
  "wilcoxon_reject_h0": false
}