{
  "explainer_a": "DNN_PA-LIME",
  "explainer_b": "RF_SHAP",
  "spearman_mean": 0.029035848366149503,
  "spearman_std": 0.06417296477422467,
  "kendall_mean": 0.01972974606138636,
  "kendall_std": 0.04649797119904759,
  "top_k_intersection": {
    "5": 0.0035714285714285718,
    "10": 0.17500000000000002
  },
  "wilcoxon_statistic": 400.0,
  "wilcoxon_p_value": 6.212630166808251e-08,
  "wilcoxon_reject_h0": true
}