{
  "explainer_a": "DNN_IG",
  "explainer_b": "DNN_LIME",
  "spearman_mean": -0.10068050820699004,
  "spearman_std": 0.02888816277851129,
  "kendall_mean": -0.09610421738599062,
  "kendall_std": 0.027471912907424255,
  "top_k_intersection": {
    "5": 0.007080000000000001,
    "10": 0.00834
  },
  "wilcoxon_statistic": 2792.0,
  "wilcoxon_p_value": 0.020122098118884164,
  "wilcoxon_reject_h0": true
}