{
  "explainer_a": "DNN_DeepLIFT",
  "explainer_b": "RF_PA-SHAP",
  "spearman_mean": 0.3079402751014798,
  "spearman_std": 0.2648605312198507,
  "kendall_mean": 0.26754915561011966,
  "kendall_std": 0.2298937826556772,
  "top_k_intersection": {
    "5": 0.27915999999999996,
    "10": 0.45187999999999995
  },
  "wilcoxon_statistic": 2485.0,
  "wilcoxon_p_value": 0.025044814977964333,
  "wilcoxon_reject_h0": true
}