{
  "explainer_a": "DNN_PA-DeepLIFT",
  "explainer_b": "RF_PA-LIME",
  "spearman_mean": 0.27763564930616613,
  "spearman_std": 0.07704502543709478,
  "kendall_mean": 0.22027482059028602,
  "kendall_std": 0.061225362666645404,
  "top_k_intersection": {
    "5": 0.2078,
    "10": 0.3332
  },
  "wilcoxon_statistic": 1287.0,
  "wilcoxon_p_value": 5.07066752100166e-10,
  "wilcoxon_reject_h0": true
}