{
  "explainer_a": "DNN_DeepLIFT",
  "explainer_b": "RF_SHAP",
  "spearman_mean": 0.2792614513276912,
  "spearman_std": 0.24003906590583748,
  "kendall_mean": 0.22497438821904633,
  "kendall_std": 0.19322670941589545,
  "top_k_intersection": {
    "5": 0.36744,
    "10": 0.5411799999999999
  },
  "wilcoxon_statistic": 1478.0,
  "wilcoxon_p_value": 4.810513044766438e-08,
  "wilcoxon_reject_h0": true
}