{
  "explainer_a": "DNN_PA-LIME",
  "explainer_b": "RF_PA-SHAP",
  "spearman_mean": 0.13079691708335386,
  "spearman_std": 0.08419645857294915,
  "kendall_mean": 0.09751911308088042,
  "kendall_std": 0.0632710030406359,
  "top_k_intersection": {
    "5": 0.05356,
    "10": 0.11584000000000001
  },
  "wilcoxon_statistic": 58.0,
  "wilcoxon_p_value": 5.676430050670616e-21,
  "wilcoxon_reject_h0": true
}