{
  "explainer_a": "DNN_IG",
  "explainer_b": "RF_SHAP",
  "spearman_mean": 0.4903605842878935,
  "spearman_std": 0.03863599419417152,
  "kendall_mean": 0.39558736140043027,
  "kendall_std": 0.02974426456451382,
  "top_k_intersection": {
    "5": 0.3622,
    "10": 0.53614
  },
  "wilcoxon_statistic": 1526.0,
  "wilcoxon_p_value": 9.860602457678303e-08,
  "wilcoxon_reject_h0": true
}