{
  "explainer_a": "DNN_PA-SHAP",
  "explainer_b": "RF_PA-SHAP",
  "spearman_mean": 0.8364766451896114,
  "spearman_std": 0.05578725600829109,
  "kendall_mean": 0.7074121670863844,
  "kendall_std": 0.05661956807847319,
  "top_k_intersection": {
    "5": 0.5428,
    "10": 0.7290800000000001
  },
  "wilcoxon_statistic": 70.0,
  "wilcoxon_p_value": 1.2025715062475481e-19,
  "wilcoxon_reject_h0": true
}