{
  "explainer_a": "DNN_LIME",
  "explainer_b": "RF_PA-SHAP",
  "spearman_mean": -0.05516483996050963,
  "spearman_std": 0.06441598576666528,
  "kendall_mean": -0.04714553728900564,
  "kendall_std": 0.05651527002547891,
  "top_k_intersection": {
    "5": 0.00308,
    "10": 0.005180000000000001
  },
  "wilcoxon_statistic": 2020.0,
  "wilcoxon_p_value": 1.5537903747489334e-05,
  "wilcoxon_reject_h0": true
}