{
  "explainer_a": "DNN_PA-DeepLIFT",
  "explainer_b": "RF_LIME",
  "spearman_mean": 0.022222326219859194,
  "spearman_std": 0.10004972202356044,
  "kendall_mean": 0.021026027426993065,
  "kendall_std": 0.09521392513288582,
  "top_k_intersection": {
    "5": 0.11752,
    "10": 0.116
  },
  "wilcoxon_statistic": 3522.0,
  "wilcoxon_p_value": 0.6629508518250062,
  "wilcoxon_reject_h0": false
}