{
  "explainer_a": "DNN_PA-DeepLIFT",
  "explainer_b": "RF_SHAP",
  "spearman_mean": 0.4868691535183294,
  "spearman_std": 0.07091523061013938,
  "kendall_mean": 0.3936224466888183,
  "kendall_std": 0.053755065554299056,
  "top_k_intersection": {
    "5": 0.4518400000000001,
    "10": 0.59498
  },
  "wilcoxon_statistic": 1149.0,
  "wilcoxon_p_value": 2.272603064059582e-10,
  "wilcoxon_reject_h0": true
}