{
  "explainer_a": "RF_PA-SHAP",
  "explainer_b": "RF_SHAP",
  "spearman_mean": 0.6567057171198543,
  "spearman_std": 0.030999044901576914,
  "kendall_mean": 0.5118129640839149,
  "kendall_std": 0.031041615392999402,
  "top_k_intersection": {
    "5": 0.33604,
    "10": 0.37051999999999996
  },
  "wilcoxon_statistic": 2392.0,
  "wilcoxon_p_value": 0.002667400225217729,
  "wilcoxon_reject_h0": true
}