{
  "explainer_a": "DNN_PA-DeepLIFT",
  "explainer_b": "RF_SHAP",
  "spearman_mean": 0.5122632343871779,
  "spearman_std": 0.08093312593506029,
  "kendall_mean": 0.37849910553667815,
  "kendall_std": 0.051267552808482476,
  "top_k_intersection": {
    "5": 0.20446428571428577,
    "10": 0.2928571428571428
  },
  "wilcoxon_statistic": 724.0,
  "wilcoxon_p_value": 0.006077902871929802,
  "wilcoxon_reject_h0": true
}