{
  "explainer_a": "DNN_IG",
  "explainer_b": "DNN_PA-IG",
  "spearman_mean": 0.7381542893790451,
  "spearman_std": 0.13352184638218373,
  "kendall_mean": 0.6394089148509982,
  "kendall_std": 0.11592747407997726,
  "top_k_intersection": {
    "5": 0.3151785714285715,
    "10": 0.4243303571428572
  },
  "wilcoxon_statistic": 579.0,
  "wilcoxon_p_value": 0.0033142691029883647,
  "wilcoxon_reject_h0": true
}