{
  "explainer_a": "DNN_IG",
  "explainer_b": "DNN_PA-DeepLIFT",
  "spearman_mean": 0.7468998243829527,
  "spearman_std": 0.15468893980813767,
  "kendall_mean": 0.6717651737604796,
  "kendall_std": 0.12954579045658332,
  "top_k_intersection": {
    "5": 0.45982142857142855,
    "10": 0.4870535714285714
  },
  "wilcoxon_statistic": 388.0,
  "wilcoxon_p_value": 2.1899879052813483e-05,
  "wilcoxon_reject_h0": true
}