{
  "explainer_a": "DNN_PA-SHAP",
  "explainer_b": "RF_SHAP",
  "spearman_mean": 0.7392303313282964,
  "spearman_std": 0.04799817533059204,
  "kendall_mean": 0.5659885827728675,
  "kendall_std": 0.051099067541320944,
  "top_k_intersection": {
    "5": 0.5397321428571428,
    "10": 0.49910714285714286
  },
  "wilcoxon_statistic": 73.0,
  "wilcoxon_p_value": 1.8000052746022692e-11,
  "wilcoxon_reject_h0": true
}