{
  "explainer_a": "DNN_PA-IG",
  "explainer_b": "RF_LIME",
  "spearman_mean": -0.11359456667755961,
  "spearman_std": 0.08364405360662826,
  "kendall_mean": -0.09734897523875809,
  "kendall_std": 0.07253181747827878,
  "top_k_intersection": {
    "5": 0.03482142857142857,
    "10": 0.0845982142857143
  },
  "wilcoxon_statistic": 249.0,
  "wilcoxon_p_value": 4.465154506560823e-08,
  "wilcoxon_reject_h0": true
}