{
  "explainer_a": "DNN_IG",
  "explainer_b": "DNN_LIME",
  "spearman_mean": -0.038710969253521674,
  "spearman_std": 0.09396062572345679,
  "kendall_mean": -0.03173376895626416,
  "kendall_std": 0.08123016169030818,
  "top_k_intersection": {
    "5": 0.0794642857142857,
    "10": 0.1707589285714286
  },
  "wilcoxon_statistic": 374.0,
  "wilcoxon_p_value": 1.764462366577242e-06,
  "wilcoxon_reject_h0": true
}