{
  "explainer_a": "DNN_IG",
  "explainer_b": "RF_PA-LIME",
  "spearman_mean": 0.10223723475368925,
  "spearman_std": 0.06113365624235106,
  "kendall_mean": 0.0769296019604956,
  "kendall_std": 0.04615091087616609,
  "top_k_intersection": {
    "5": 0.1263392857142857,
    "10": 0.18772321428571428
  },
  "wilcoxon_statistic": 801.0,
  "wilcoxon_p_value": 0.023023076669425054,
  "wilcoxon_reject_h0": true
}