{
  "explainer_a": "DNN_PA-DeepLIFT",
  "explainer_b": "RF_PA-LIME",
  "spearman_mean": 0.17133989848200995,
  "spearman_std": 0.07799249750024669,
  "kendall_mean": 0.12514822632515574,
  "kendall_std": 0.057496757618808195,
  "top_k_intersection": {
    "5": 0.1107142857142857,
    "10": 0.1470982142857143
  },
  "wilcoxon_statistic": 729.0,
  "wilcoxon_p_value": 0.004224058722091061,
  "wilcoxon_reject_h0": true
}