{
  "explainer_a": "DNN_DeepLIFT",
  "explainer_b": "RF_SHAP",
  "spearman_mean": 0.5349289568244419,
  "spearman_std": 0.08830099257455297,
  "kendall_mean": 0.40663456212411936,
  "kendall_std": 0.057473157689333115,
  "top_k_intersection": {
    "5": 0.34241071428571435,
    "10": 0.3638392857142857
  },
  "wilcoxon_statistic": 636.0,
  "wilcoxon_p_value": 0.0010334449628607177,
  "wilcoxon_reject_h0": true
}