{
  "explainer_a": "DNN_PA-IG",
  "explainer_b": "DNN_PA-SHAP",
  "spearman_mean": 0.5259369732301391,
  "spearman_std": 0.13995201780809916,
  "kendall_mean": 0.4211183217075981,
  "kendall_std": 0.11269846754415039,
  "top_k_intersection": {
    "5": 0.19375000000000003,
    "10": 0.24955357142857146
  },
  "wilcoxon_statistic": 140.0,
  "wilcoxon_p_value": 1.102423469675638e-09,
  "wilcoxon_reject_h0": true
}