{
  "DNN_LIME": {
    "time_per_sample_ms": 2951.598302125931,
    "total_time_s": 14757.991510629654,
    "summary_plot_time_s": 1.9638605117797852
  },
  "RF_SHAP": {
    "time_per_sample_ms": 233.3373507976532,
    "total_time_s": 1166.686753988266,
    "summary_plot_time_s": 1.8419489860534668
  },
  "RF_LIME": {
    "time_per_sample_ms": 3027.9293113231656,
    "total_time_s": 15139.64655661583,
    "summary_plot_time_s": 1.8384909629821777
  },
  "XGB_SHAP": {
    "time_per_sample_ms": 2929.824004125595,
    "total_time_s": 14649.120020627975,
    "summary_plot_time_s": 1.8347437381744385
  },
  "XGB_LIME": {
    "time_per_sample_ms": 3028.8007300376894,
    "total_time_s": 15144.003650188446,
    "summary_plot_time_s": 1.8612267971038818
  }
}