{
  "CNN-LSTM_LIME": {
    "time_per_sample_ms": 165.22439570426943,
    "total_time_s": 1652.243957042694,
    "summary_plot_time_s": 3.0527455806732178
  },
  "CNN-GRU_LIME": {
    "time_per_sample_ms": 166.98831951618195,
    "total_time_s": 1669.8831951618195,
    "summary_plot_time_s": 3.0310239791870117
  }
}