{
  "explainer_a": "DNN_IG",
  "explainer_b": "DNN_PA-SHAP",
  "spearman_mean": 0.3242407866320687,
  "spearman_std": 0.04858153878881211,
  "kendall_mean": 0.24608655331090346,
  "kendall_std": 0.03330695763169547,
  "top_k_intersection": {
    "5": 0.18461538461538468,
    "10": 0.2692307692307693
  },
  "wilcoxon_statistic": 176.0,
  "wilcoxon_p_value": 1.7931029988479925e-09,
  "wilcoxon_reject_h0": true
}