{
  "explainer_a": "DNN_PA-SHAP",
  "explainer_b": "RF_PA-LIME",
  "spearman_mean": 0.26122029345316716,
  "spearman_std": 0.06853313837000781,
  "kendall_mean": 0.18499209575717254,
  "kendall_std": 0.05396653454263936,
  "top_k_intersection": {
    "5": 0.15384615384615383,
    "10": 0.18461538461538465
  },
  "wilcoxon_statistic": 313.0,
  "wilcoxon_p_value": 3.2152653609065296e-08,
  "wilcoxon_reject_h0": true
}