{
  "explainer_a": "DNN_IG",
  "explainer_b": "RF_LIME",
  "spearman_mean": 0.3163335853446797,
  "spearman_std": 0.16579309745060428,
  "kendall_mean": 0.2690074100898297,
  "kendall_std": 0.146366940927424,
  "top_k_intersection": {
    "5": 0.35384615384615387,
    "10": 0.4615384615384616
  },
  "wilcoxon_statistic": 142.0,
  "wilcoxon_p_value": 4.893892694225375e-09,
  "wilcoxon_reject_h0": true
}