{
  "explainer_a": "DNN_PA-IG",
  "explainer_b": "RF_PA-SHAP",
  "spearman_mean": 0.3284921754090612,
  "spearman_std": 0.17798009570476334,
  "kendall_mean": 0.23872545647943,
  "kendall_std": 0.12448942070662262,
  "top_k_intersection": {
    "5": 0.15384615384615385,
    "10": 0.2
  },
  "wilcoxon_statistic": 545.0,
  "wilcoxon_p_value": 0.0003429116966635172,
  "wilcoxon_reject_h0": true
}