{
  "explainer_a": "DNN_DeepLIFT",
  "explainer_b": "DNN_SHAP",
  "spearman_mean": 0.4707983955408689,
  "spearman_std": 0.14235152464784884,
  "kendall_mean": 0.3506560429698554,
  "kendall_std": 0.1045572543077554,
  "top_k_intersection": {
    "5": 0.44615384615384623,
    "10": 0.5076923076923078
  },
  "wilcoxon_statistic": 77.0,
  "wilcoxon_p_value": 3.2684759093290364e-11,
  "wilcoxon_reject_h0": true
}