{
  "explainer_a": "DNN_DeepLIFT",
  "explainer_b": "RF_PA-LIME",
  "spearman_mean": 0.2050552221656061,
  "spearman_std": 0.21084181348838443,
  "kendall_mean": 0.14888212923439978,
  "kendall_std": 0.15114668411288354,
  "top_k_intersection": {
    "5": 0.16923076923076924,
    "10": 0.19230769230769235
  },
  "wilcoxon_statistic": 256.0,
  "wilcoxon_p_value": 1.278098350433174e-08,
  "wilcoxon_reject_h0": true
}