{
  "explainer_a": "DNN_PA-LIME",
  "explainer_b": "RF_SHAP",
  "spearman_mean": 0.3055416769750931,
  "spearman_std": 0.05298592954465343,
  "kendall_mean": 0.21344232232033583,
  "kendall_std": 0.03742651505648436,
  "top_k_intersection": {
    "5": 0.03076923076923077,
    "10": 0.16153846153846152
  },
  "wilcoxon_statistic": 128.0,
  "wilcoxon_p_value": 7.44292605782284e-12,
  "wilcoxon_reject_h0": true
}