{
  "explainer_a": "DNN_IG",
  "explainer_b": "DNN_LIME",
  "spearman_mean": 0.16362459057025724,
  "spearman_std": 0.06298209048197893,
  "kendall_mean": 0.13662648611871653,
  "kendall_std": 0.0515183559590525,
  "top_k_intersection": {
    "5": 0.27692307692307694,
    "10": 0.3
  },
  "wilcoxon_statistic": 241.0,
  "wilcoxon_p_value": 2.0292618386383405e-08,
  "wilcoxon_reject_h0": true
}