{
  "explainer_a": "DNN_DeepLIFT",
  "explainer_b": "RF_SHAP",
  "spearman_mean": 0.5799398569573151,
  "spearman_std": 0.21889144924843024,
  "kendall_mean": 0.44989003348484624,
  "kendall_std": 0.17290283138146126,
  "top_k_intersection": {
    "5": 0.30769230769230776,
    "10": 0.39230769230769236
  },
  "wilcoxon_statistic": 489.0,
  "wilcoxon_p_value": 1.7400723133669586e-05,
  "wilcoxon_reject_h0": true
}