{
  "explainer_a": "DNN_IG",
  "explainer_b": "DNN_PA-LIME",
  "spearman_mean": 0.17097182959789478,
  "spearman_std": 0.1486556127767728,
  "kendall_mean": 0.12381026597235666,
  "kendall_std": 0.10628502227687155,
  "top_k_intersection": {
    "5": 0.03076923076923077,
    "10": 0.13846153846153847
  },
  "wilcoxon_statistic": 520.0,
  "wilcoxon_p_value": 3.947594999781308e-05,
  "wilcoxon_reject_h0": true
}