{
  "explainer_a": "DNN_PA-IG",
  "explainer_b": "RF_PA-LIME",
  "spearman_mean": 0.23617344759734732,
  "spearman_std": 0.159128977934743,
  "kendall_mean": 0.17729424385545847,
  "kendall_std": 0.11429539165322099,
  "top_k_intersection": {
    "5": 0.12307692307692307,
    "10": 0.2076923076923077
  },
  "wilcoxon_statistic": 1070.0,
  "wilcoxon_p_value": 0.6664281227139995,
  "wilcoxon_reject_h0": false
}