{
  "explainer_a": "DNN_PA-DeepLIFT",
  "explainer_b": "DNN_SHAP",
  "spearman_mean": 0.27242973717978836,
  "spearman_std": 0.09845115624663045,
  "kendall_mean": 0.20890863969801515,
  "kendall_std": 0.06994937292063302,
  "top_k_intersection": {
    "5": 0.04615384615384616,
    "10": 0.2538461538461539
  },
  "wilcoxon_statistic": 264.0,
  "wilcoxon_p_value": 2.7870836579160663e-08,
  "wilcoxon_reject_h0": true
}