{
  "explainer_a": "DNN_PA-DeepLIFT",
  "explainer_b": "RF_PA-SHAP",
  "spearman_mean": 0.3058419087121147,
  "spearman_std": 0.15933407444930925,
  "kendall_mean": 0.222916221494666,
  "kendall_std": 0.11037216440828392,
  "top_k_intersection": {
    "5": 0.12307692307692307,
    "10": 0.22307692307692306
  },
  "wilcoxon_statistic": 557.0,
  "wilcoxon_p_value": 0.00045856195192563474,
  "wilcoxon_reject_h0": true
}