{
  "explainer_a": "DNN_IG",
  "explainer_b": "RF_PA-LIME",
  "spearman_mean": 0.19596042241613304,
  "spearman_std": 0.2065056469825714,
  "kendall_mean": 0.14085845887154663,
  "kendall_std": 0.14734506552812104,
  "top_k_intersection": {
    "5": 0.13846153846153844,
    "10": 0.15384615384615388
  },
  "wilcoxon_statistic": 1134.0,
  "wilcoxon_p_value": 0.6603336524721517,
  "wilcoxon_reject_h0": false
}