{
  "explainer_a": "DNN_DeepLIFT",
  "explainer_b": "DNN_PA-DeepLIFT",
  "spearman_mean": 0.36231176725946806,
  "spearman_std": 0.05877538015707874,
  "kendall_mean": 0.29450813439874624,
  "kendall_std": 0.060850562052171014,
  "top_k_intersection": {
    "5": 0.20000000000000004,
    "10": 0.3230769230769231
  },
  "wilcoxon_statistic": 335.0,
  "wilcoxon_p_value": 2.42078053479925e-06,
  "wilcoxon_reject_h0": true
}