{
  "explainer_a": "DNN_PA-SHAP",
  "explainer_b": "DNN_SHAP",
  "spearman_mean": 0.5022649144290037,
  "spearman_std": 0.025498422191483613,
  "kendall_mean": 0.3768541653711877,
  "kendall_std": 0.020480147158392633,
  "top_k_intersection": {
    "5": 0.3846153846153847,
    "10": 0.3230769230769231
  },
  "wilcoxon_statistic": 1093.0,
  "wilcoxon_p_value": 0.3816276106060492,
  "wilcoxon_reject_h0": false
}