{
  "explainer_a": "RF_PA-SHAP",
  "explainer_b": "RF_SHAP",
  "spearman_mean": 0.9203355368367865,
  "spearman_std": 0.04576300494532577,
  "kendall_mean": 0.7834900102779604,
  "kendall_std": 0.06158452001195119,
  "top_k_intersection": {
    "5": 0.6923076923076923,
    "10": 0.6846153846153845
  },
  "wilcoxon_statistic": 1142.0,
  "wilcoxon_p_value": 0.8497628994679634,
  "wilcoxon_reject_h0": false
}