{
  "explainer_a": "DNN_PA-DeepLIFT",
  "explainer_b": "RF_PA-SHAP",
  "spearman_mean": 0.5230075762452776,
  "spearman_std": 0.13170024146495826,
  "kendall_mean": 0.4078914571272393,
  "kendall_std": 0.0992691526259101,
  "top_k_intersection": {
    "5": 0.3370797310278579,
    "10": 0.38419788664745436
  },
  "wilcoxon_statistic": 352.0,
  "wilcoxon_p_value": 1.8745256436874921e-07,
  "wilcoxon_reject_h0": true
}