{
  "explainer_a": "DNN_PA-IG",
  "explainer_b": "RF_PA-LIME",
  "spearman_mean": 0.1930332432983664,
  "spearman_std": 0.19183234279314743,
  "kendall_mean": 0.14114857833758024,
  "kendall_std": 0.14611090574489802,
  "top_k_intersection": {
    "5": 0.06512968299711815,
    "10": 0.22324687800192122
  },
  "wilcoxon_statistic": 700.0,
  "wilcoxon_p_value": 7.803596385864754e-05,
  "wilcoxon_reject_h0": true
}