{
  "explainer_a": "DNN_PA-IG",
  "explainer_b": "RF_LIME",
  "spearman_mean": 0.01907722772196967,
  "spearman_std": 0.08978172857846642,
  "kendall_mean": 0.01646785884614224,
  "kendall_std": 0.07925856409421353,
  "top_k_intersection": {
    "5": 0.05307396733909702,
    "10": 0.13194044188280502
  },
  "wilcoxon_statistic": 422.0,
  "wilcoxon_p_value": 1.5730374568976035e-06,
  "wilcoxon_reject_h0": true
}