{
  "explainer_a": "DNN_PA-LIME",
  "explainer_b": "RF_PA-SHAP",
  "spearman_mean": 0.021736628416532584,
  "spearman_std": 0.08638395642082923,
  "kendall_mean": 0.014284378884078143,
  "kendall_std": 0.060540107133039735,
  "top_k_intersection": {
    "5": 0.04798270893371758,
    "10": 0.12524015369836697
  },
  "wilcoxon_statistic": 501.0,
  "wilcoxon_p_value": 6.338310042506767e-07,
  "wilcoxon_reject_h0": true
}