{
  "explainer_a": "DNN_IG",
  "explainer_b": "RF_SHAP",
  "spearman_mean": 0.467240003107013,
  "spearman_std": 0.11997871763711217,
  "kendall_mean": 0.3514086484690174,
  "kendall_std": 0.08870532760643986,
  "top_k_intersection": {
    "5": 0.27487992315081655,
    "10": 0.2988712776176753
  },
  "wilcoxon_statistic": 396.0,
  "wilcoxon_p_value": 7.275085235069549e-07,
  "wilcoxon_reject_h0": true
}