{
  "explainer_a": "DNN_PA-LIME",
  "explainer_b": "RF_PA-LIME",
  "spearman_mean": 0.5860243600809805,
  "spearman_std": 0.05944300587540577,
  "kendall_mean": 0.4243871005292005,
  "kendall_std": 0.05258701581719838,
  "top_k_intersection": {
    "5": 0.10691642651296832,
    "10": 0.16078290105667628
  },
  "wilcoxon_statistic": 37.0,
  "wilcoxon_p_value": 4.489114301407842e-11,
  "wilcoxon_reject_h0": true
}