{
  "explainer_a": "DNN_IG",
  "explainer_b": "DNN_PA-IG",
  "spearman_mean": 0.6160248877293291,
  "spearman_std": 0.10034023333394633,
  "kendall_mean": 0.5448094737076692,
  "kendall_std": 0.08054540647922998,
  "top_k_intersection": {
    "5": 0.3236311239193084,
    "10": 0.35878962536023057
  },
  "wilcoxon_statistic": 1005.0,
  "wilcoxon_p_value": 0.16456125837069735,
  "wilcoxon_reject_h0": false
}