{
  "explainer_a": "DNN_IG",
  "explainer_b": "DNN_PA-LIME",
  "spearman_mean": 0.09879766447411863,
  "spearman_std": 0.14028634120978714,
  "kendall_mean": 0.07128147854101576,
  "kendall_std": 0.10480690709776269,
  "top_k_intersection": {
    "5": 0.02478386167146974,
    "10": 0.11527377521613832
  },
  "wilcoxon_statistic": 1254.0,
  "wilcoxon_p_value": 0.2792228903455831,
  "wilcoxon_reject_h0": false
}