{
  "explainer_a": "DNN_PA-LIME",
  "explainer_b": "RF_SHAP",
  "spearman_mean": -0.024149417832183297,
  "spearman_std": 0.09277029219016995,
  "kendall_mean": -0.018503918411991796,
  "kendall_std": 0.06596287704747553,
  "top_k_intersection": {
    "5": 0.0862151777137368,
    "10": 0.13052353506243997
  },
  "wilcoxon_statistic": 614.0,
  "wilcoxon_p_value": 1.10481235452864e-05,
  "wilcoxon_reject_h0": true
}