{
  "explainer_a": "DNN_SHAP",
  "explainer_b": "RF_SHAP",
  "spearman_mean": 0.5667966762061339,
  "spearman_std": 0.09114138822346837,
  "kendall_mean": 0.4084647686938552,
  "kendall_std": 0.07003959287534141,
  "top_k_intersection": {
    "5": 0.28583093179634966,
    "10": 0.2890730067243035
  },
  "wilcoxon_statistic": 230.0,
  "wilcoxon_p_value": 3.1166156024042478e-09,
  "wilcoxon_reject_h0": true
}