{
  "explainer_a": "DNN_PA-IG",
  "explainer_b": "DNN_PA-LIME",
  "spearman_mean": 0.03877835512094415,
  "spearman_std": 0.1367198594895701,
  "kendall_mean": 0.026392611635946465,
  "kendall_std": 0.10446623108297183,
  "top_k_intersection": {
    "5": 0.053842459173871274,
    "10": 0.14668587896253601
  },
  "wilcoxon_statistic": 1212.0,
  "wilcoxon_p_value": 0.19376334002397433,
  "wilcoxon_reject_h0": false
}