{
  "explainer_a": "DNN_PA-DeepLIFT",
  "explainer_b": "RF_PA-LIME",
  "spearman_mean": 0.1686278591417215,
  "spearman_std": 0.17939677418189992,
  "kendall_mean": 0.12617740969918578,
  "kendall_std": 0.1388218571780684,
  "top_k_intersection": {
    "5": 0.02406340057636888,
    "10": 0.17509606147934678
  },
  "wilcoxon_statistic": 1443.0,
  "wilcoxon_p_value": 0.9175288074196277,
  "wilcoxon_reject_h0": false
}