{
  "explainer_a": "DNN_IG",
  "explainer_b": "RF_PA-SHAP",
  "spearman_mean": 0.4642262739970736,
  "spearman_std": 0.12438868153988036,
  "kendall_mean": 0.3491519348298618,
  "kendall_std": 0.09333555366288147,
  "top_k_intersection": {
    "5": 0.27540826128722384,
    "10": 0.28170028818443804
  },
  "wilcoxon_statistic": 371.0,
  "wilcoxon_p_value": 3.3933572266569813e-07,
  "wilcoxon_reject_h0": true
}