{
  "explainer_a": "DNN_IG",
  "explainer_b": "DNN_LIME",
  "spearman_mean": -0.05716582330480267,
  "spearman_std": 0.08899193267312666,
  "kendall_mean": -0.047877141213236316,
  "kendall_std": 0.07738930945399496,
  "top_k_intersection": {
    "5": 0.17622478386167145,
    "10": 0.17038904899135449
  },
  "wilcoxon_statistic": 601.0,
  "wilcoxon_p_value": 0.00017391322696984755,
  "wilcoxon_reject_h0": true
}