{
  "explainer_a": "DNN_DeepLIFT",
  "explainer_b": "RF_PA-LIME",
  "spearman_mean": 0.14664802063236682,
  "spearman_std": 0.17778988170067345,
  "kendall_mean": 0.10361237537664637,
  "kendall_std": 0.12883062846397822,
  "top_k_intersection": {
    "5": 0.0018251681075888567,
    "10": 0.047334293948126806
  },
  "wilcoxon_statistic": 206.0,
  "wilcoxon_p_value": 7.618672635403039e-11,
  "wilcoxon_reject_h0": true
}