{
  "explainer_a": "RF_PA-LIME",
  "explainer_b": "RF_SHAP",
  "spearman_mean": 0.24311742950726936,
  "spearman_std": 0.07527630757909978,
  "kendall_mean": 0.17756737818223026,
  "kendall_std": 0.05384356387174759,
  "top_k_intersection": {
    "5": 0.2923150816522575,
    "10": 0.3647934678194044
  },
  "wilcoxon_statistic": 207.0,
  "wilcoxon_p_value": 7.88622235811339e-11,
  "wilcoxon_reject_h0": true
}