{
  "explainer_a": "DNN_IG",
  "explainer_b": "DNN_PA-IG",
  "spearman_mean": 0.710623249846432,
  "spearman_std": 0.08534444979258791,
  "kendall_mean": 0.636699307455022,
  "kendall_std": 0.07447004350653295,
  "top_k_intersection": {
    "5": 0.2519607843137254,
    "10": 0.421078431372549
  },
  "wilcoxon_statistic": 493.0,
  "wilcoxon_p_value": 0.012849597418969067,
  "wilcoxon_reject_h0": true
}