{
  "explainer_a": "DNN_IG",
  "explainer_b": "DNN_PA-SHAP",
  "spearman_mean": 0.44265449699904597,
  "spearman_std": 0.1432999026319078,
  "kendall_mean": 0.36330570569048914,
  "kendall_std": 0.11665700458347407,
  "top_k_intersection": {
    "5": 0.2980392156862745,
    "10": 0.35441176470588226
  },
  "wilcoxon_statistic": 26.0,
  "wilcoxon_p_value": 8.949335644155238e-11,
  "wilcoxon_reject_h0": true
}