{
  "explainer_a": "DNN_IG",
  "explainer_b": "RF_PA-SHAP",
  "spearman_mean": 0.530240882366547,
  "spearman_std": 0.08558051790741467,
  "kendall_mean": 0.42490904553004494,
  "kendall_std": 0.06271671622510279,
  "top_k_intersection": {
    "5": 0.39117647058823535,
    "10": 0.4151960784313726
  },
  "wilcoxon_statistic": 693.0,
  "wilcoxon_p_value": 0.20834418545185118,
  "wilcoxon_reject_h0": false
}