{
  "explainer_a": "DNN_PA-DeepLIFT",
  "explainer_b": "RF_SHAP",
  "spearman_mean": 0.5087118357610333,
  "spearman_std": 0.0676067569989345,
  "kendall_mean": 0.3951328229049441,
  "kendall_std": 0.05495425813783933,
  "top_k_intersection": {
    "5": 0.3509803921568628,
    "10": 0.38480392156862747
  },
  "wilcoxon_statistic": 1156.0,
  "wilcoxon_p_value": 0.9172677458341656,
  "wilcoxon_reject_h0": false
}