{
  "explainer_a": "DNN_IG",
  "explainer_b": "DNN_PA-DeepLIFT",
  "spearman_mean": 0.7201331475036701,
  "spearman_std": 0.10801260066071199,
  "kendall_mean": 0.6764674839667887,
  "kendall_std": 0.10028955629366415,
  "top_k_intersection": {
    "5": 0.3990196078431373,
    "10": 0.4813725490196078
  },
  "wilcoxon_statistic": 457.0,
  "wilcoxon_p_value": 0.005409736427944607,
  "wilcoxon_reject_h0": true
}