{
  "explainer_a": "DNN_SHAP",
  "explainer_b": "RF_PA-LIME",
  "spearman_mean": 0.1787290168662646,
  "spearman_std": 0.0638602254339496,
  "kendall_mean": 0.1276716321009853,
  "kendall_std": 0.04538119264197577,
  "top_k_intersection": {
    "5": 0.19999999999999998,
    "10": 0.1122549019607843
  },
  "wilcoxon_statistic": 674.0,
  "wilcoxon_p_value": 0.0008779714166858053,
  "wilcoxon_reject_h0": true
}