{
  "explainer_a": "DNN_DeepLIFT",
  "explainer_b": "RF_PA-LIME",
  "spearman_mean": 0.11659100607075296,
  "spearman_std": 0.05242676620162442,
  "kendall_mean": 0.08844434511442553,
  "kendall_std": 0.04113817165700378,
  "top_k_intersection": {
    "5": 0.17254901960784308,
    "10": 0.19313725490196082
  },
  "wilcoxon_statistic": 479.0,
  "wilcoxon_p_value": 2.2292783908044793e-05,
  "wilcoxon_reject_h0": true
}