{
  "explainer_a": "DNN_IG",
  "explainer_b": "RF_SHAP",
  "spearman_mean": 0.5858381717671687,
  "spearman_std": 0.09705806599834015,
  "kendall_mean": 0.4628548255096428,
  "kendall_std": 0.07330192800796778,
  "top_k_intersection": {
    "5": 0.37058823529411766,
    "10": 0.5029411764705882
  },
  "wilcoxon_statistic": 1051.0,
  "wilcoxon_p_value": 0.4559917944948231,
  "wilcoxon_reject_h0": false
}