{
  "explainer_a": "DNN_PA-IG",
  "explainer_b": "RF_PA-LIME",
  "spearman_mean": 0.1042796485138392,
  "spearman_std": 0.06903296650949899,
  "kendall_mean": 0.08403313388584865,
  "kendall_std": 0.05425220555323219,
  "top_k_intersection": {
    "5": 0.03823529411764706,
    "10": 0.11274509803921569
  },
  "wilcoxon_statistic": 468.0,
  "wilcoxon_p_value": 9.804945980370881e-06,
  "wilcoxon_reject_h0": true
}