{
  "explainer_a": "DNN_DeepLIFT",
  "explainer_b": "DNN_LIME",
  "spearman_mean": 0.006545363249037979,
  "spearman_std": 0.08117276722417865,
  "kendall_mean": 0.005625512185773408,
  "kendall_std": 0.0703952012455345,
  "top_k_intersection": {
    "5": 0.07352941176470587,
    "10": 0.16372549019607846
  },
  "wilcoxon_statistic": 486.0,
  "wilcoxon_p_value": 0.010927450122969445,
  "wilcoxon_reject_h0": true
}