{
  "explainer_a": "DNN_PA-SHAP",
  "explainer_b": "RF_PA-LIME",
  "spearman_mean": 0.17645147656445218,
  "spearman_std": 0.06099048482175581,
  "kendall_mean": 0.12783057041965043,
  "kendall_std": 0.04430592959340701,
  "top_k_intersection": {
    "5": 0.19999999999999998,
    "10": 0.11813725490196081
  },
  "wilcoxon_statistic": 650.0,
  "wilcoxon_p_value": 0.0005254836442664886,
  "wilcoxon_reject_h0": true
}