{
  "explainer_a": "RF_PA-LIME",
  "explainer_b": "RF_SHAP",
  "spearman_mean": 0.28587713222596295,
  "spearman_std": 0.04822187066851086,
  "kendall_mean": 0.20922862495355046,
  "kendall_std": 0.03634620703025172,
  "top_k_intersection": {
    "5": 0.14019607843137255,
    "10": 0.1877450980392157
  },
  "wilcoxon_statistic": 271.0,
  "wilcoxon_p_value": 7.929755505791768e-09,
  "wilcoxon_reject_h0": true
}