{
  "DNN_SHAP": {
    "time_per_sample_ms": 89.86421670913697,
    "total_time_s": 449.3210835456848,
    "summary_plot_time_s": 1.80729079246521
  },
  "DNN_LIME": {
    "time_per_sample_ms": 35.78181872367859,
    "total_time_s": 178.90909361839294,
    "summary_plot_time_s": 1.8027825355529785
  },
  "DNN_IG": {
    "time_per_sample_ms": 0.7751730442047119,
    "total_time_s": 3.8758652210235596,
    "summary_plot_time_s": 1.8116817474365234
  },
  "DNN_DeepLIFT": {
    "time_per_sample_ms": 0.03161067962646484,
    "total_time_s": 0.15805339813232422,
    "summary_plot_time_s": 1.773597002029419
  },
  "RF_SHAP": {
    "time_per_sample_ms": 16.395916509628293,
    "total_time_s": 81.97958254814148,
    "summary_plot_time_s": 1.821533203125
  },
  "RF_LIME": {
    "time_per_sample_ms": 57.56494040489197,
    "total_time_s": 287.82470202445984,
    "summary_plot_time_s": 1.7904562950134277
  },
  "XGB_SHAP": {
    "time_per_sample_ms": 0.10760235786437988,
    "total_time_s": 0.5380117893218994,
    "summary_plot_time_s": 1.8081791400909424
  },
  "XGB_LIME": {
    "time_per_sample_ms": 109.18017673492432,
    "total_time_s": 545.9008836746216,
    "summary_plot_time_s": 2.0441367626190186
  }
}