{
  "explainer_a": "DNN_LIME",
  "explainer_b": "RF_PA-LIME",
  "spearman_mean": -0.21181158939508848,
  "spearman_std": 0.11559622224039204,
  "kendall_mean": -0.1730147278922731,
  "kendall_std": 0.09334017584678628,
  "top_k_intersection": {
    "5": 0.0,
    "10": 0.028947368421052635
  },
  "wilcoxon_statistic": 84.0,
  "wilcoxon_p_value": 7.839443544236886e-12,
  "wilcoxon_reject_h0": true
}