{
  "explainer_a": "DNN_IG",
  "explainer_b": "DNN_SHAP",
  "spearman_mean": 0.09185489678791217,
  "spearman_std": 0.011899598055852249,
  "kendall_mean": 0.06127725326834678,
  "kendall_std": 0.00818591781018717,
  "top_k_intersection": {
    "5": 0.3789473684210527,
    "10": 0.33684210526315783
  },
  "wilcoxon_statistic": 194.0,
  "wilcoxon_p_value": 2.203654558821097e-09,
  "wilcoxon_reject_h0": true
}