{
  "explainer_a": "DNN_IG",
  "explainer_b": "RF_PA-LIME",
  "spearman_mean": -0.1500910689102725,
  "spearman_std": 0.053174271901499745,
  "kendall_mean": -0.11817082063735432,
  "kendall_std": 0.039209890736861444,
  "top_k_intersection": {
    "5": 0.0,
    "10": 0.0
  },
  "wilcoxon_statistic": 727.0,
  "wilcoxon_p_value": 0.010063582893979617,
  "wilcoxon_reject_h0": true
}