{
  "explainer_a": "DNN_PA-IG",
  "explainer_b": "RF_SHAP",
  "spearman_mean": 0.4948589891041967,
  "spearman_std": 0.1415522470662605,
  "kendall_mean": 0.3992089886650471,
  "kendall_std": 0.1174206442045094,
  "top_k_intersection": {
    "5": 0.31578947368421045,
    "10": 0.3157894736842106
  },
  "wilcoxon_statistic": 1020.0,
  "wilcoxon_p_value": 0.8936001916804368,
  "wilcoxon_reject_h0": false
}