{
  "explainer_a": "DNN_DeepLIFT",
  "explainer_b": "DNN_SHAP",
  "spearman_mean": 0.08822110990245847,
  "spearman_std": 0.01858413130585741,
  "kendall_mean": 0.06659030991011095,
  "kendall_std": 0.011465935973693416,
  "top_k_intersection": {
    "5": 0.5578947368421052,
    "10": 0.34210526315789486
  },
  "wilcoxon_statistic": 213.0,
  "wilcoxon_p_value": 4.465970228099194e-09,
  "wilcoxon_reject_h0": true
}