{
  "explainer_a": "DNN_IG",
  "explainer_b": "DNN_PA-IG",
  "spearman_mean": 0.28804791420310805,
  "spearman_std": 0.15981256671420724,
  "kendall_mean": 0.2427494792442262,
  "kendall_std": 0.14690991417668128,
  "top_k_intersection": {
    "5": 0.20000000000000004,
    "10": 0.1921052631578947
  },
  "wilcoxon_statistic": 578.0,
  "wilcoxon_p_value": 0.31206718751799656,
  "wilcoxon_reject_h0": false
}