{
  "explainer_a": "DNN_PA-LIME",
  "explainer_b": "RF_PA-SHAP",
  "spearman_mean": 0.06915753822013479,
  "spearman_std": 0.060716683215934236,
  "kendall_mean": 0.054441743286156453,
  "kendall_std": 0.04636107567836135,
  "top_k_intersection": {
    "5": 0.15263157894736845,
    "10": 0.16578947368421054
  },
  "wilcoxon_statistic": 311.0,
  "wilcoxon_p_value": 1.0989159998945419e-08,
  "wilcoxon_reject_h0": true
}