{
  "explainer_a": "DNN_DeepLIFT",
  "explainer_b": "RF_LIME",
  "spearman_mean": 0.39891923391593415,
  "spearman_std": 0.018232447830636916,
  "kendall_mean": 0.36636486133503954,
  "kendall_std": 0.012172634716731011,
  "top_k_intersection": {
    "5": 0.4894736842105263,
    "10": 0.3842105263157895
  },
  "wilcoxon_statistic": 35.0,
  "wilcoxon_p_value": 0.0006021785797492559,
  "wilcoxon_reject_h0": true
}