{
  "explainer_a": "DNN_PA-SHAP",
  "explainer_b": "RF_PA-SHAP",
  "spearman_mean": 0.573065859448505,
  "spearman_std": 0.008557409744765656,
  "kendall_mean": 0.42721274064600184,
  "kendall_std": 0.006810982287785974,
  "top_k_intersection": {
    "5": 0.4631578947368422,
    "10": 0.47368421052631576
  },
  "wilcoxon_statistic": 27.0,
  "wilcoxon_p_value": 2.5149754170653423e-12,
  "wilcoxon_reject_h0": true
}