{
  "explainer_a": "DNN_IG",
  "explainer_b": "DNN_LIME",
  "spearman_mean": -0.09807393924411548,
  "spearman_std": 0.055669691385146804,
  "kendall_mean": -0.08922765349295289,
  "kendall_std": 0.05043316294188261,
  "top_k_intersection": {
    "5": 0.12105263157894738,
    "10": 0.06842105263157897
  },
  "wilcoxon_statistic": 202.0,
  "wilcoxon_p_value": 0.02410825053953369,
  "wilcoxon_reject_h0": true
}