{
  "explainer_a": "DNN_DeepLIFT",
  "explainer_b": "RF_PA-LIME",
  "spearman_mean": -0.1422606495604458,
  "spearman_std": 0.05623003753495994,
  "kendall_mean": -0.10900628966944981,
  "kendall_std": 0.04328231208594154,
  "top_k_intersection": {
    "5": 0.0,
    "10": 0.0
  },
  "wilcoxon_statistic": 831.0,
  "wilcoxon_p_value": 0.05435696842762607,
  "wilcoxon_reject_h0": false
}