{
  "explainer_a": "DNN_PA-IG",
  "explainer_b": "RF_PA-LIME",
  "spearman_mean": 0.049489187380799535,
  "spearman_std": 0.1474034008869509,
  "kendall_mean": 0.043089834414378504,
  "kendall_std": 0.11864473904109839,
  "top_k_intersection": {
    "5": 0.0,
    "10": 0.013157894736842105
  },
  "wilcoxon_statistic": 757.0,
  "wilcoxon_p_value": 0.011022890782773983,
  "wilcoxon_reject_h0": true
}