{
  "explainer_a": "DNN_DeepLIFT",
  "explainer_b": "DNN_IG",
  "spearman_mean": 0.9896636349902435,
  "spearman_std": 0.0022918345424089623,
  "kendall_mean": 0.9266827355470014,
  "kendall_std": 0.011116714992741942,
  "top_k_intersection": {
    "5": 0.6105263157894739,
    "10": 0.5973684210526314
  },
  "wilcoxon_statistic": 96.0,
  "wilcoxon_p_value": 0.32207523283525596,
  "wilcoxon_reject_h0": false
}