{
  "explainer_a": "DNN_IG",
  "explainer_b": "DNN_PA-SHAP",
  "spearman_mean": 0.053277074063235695,
  "spearman_std": 0.004793279015595578,
  "kendall_mean": 0.03311805306699667,
  "kendall_std": 0.0037035308787987556,
  "top_k_intersection": {
    "5": 0.5473684210526318,
    "10": 0.3789473684210527
  },
  "wilcoxon_statistic": 108.0,
  "wilcoxon_p_value": 7.639829293146792e-11,
  "wilcoxon_reject_h0": true
}