{
  "explainer_a": "DNN_IG",
  "explainer_b": "RF_PA-SHAP",
  "spearman_mean": 0.3742345148218323,
  "spearman_std": 0.01054006909703856,
  "kendall_mean": 0.29923513566150345,
  "kendall_std": 0.008593693158097309,
  "top_k_intersection": {
    "5": 0.4947368421052632,
    "10": 0.48421052631578937
  },
  "wilcoxon_statistic": 847.0,
  "wilcoxon_p_value": 0.47925369840301835,
  "wilcoxon_reject_h0": false
}