{
  "explainer_a": "RF_LIME",
  "explainer_b": "RF_SHAP",
  "spearman_mean": 0.4623637627957781,
  "spearman_std": 0.009660937681983391,
  "kendall_mean": 0.3855050065049088,
  "kendall_std": 0.008856405436056624,
  "top_k_intersection": {
    "5": 0.8736842105263158,
    "10": 0.6894736842105262
  },
  "wilcoxon_statistic": 11.0,
  "wilcoxon_p_value": 8.7579454418481e-12,
  "wilcoxon_reject_h0": true
}