{
  "explainer_a": "DNN_DeepLIFT",
  "explainer_b": "RF_PA-SHAP",
  "spearman_mean": 0.4453775206937719,
  "spearman_std": 0.09401155487955909,
  "kendall_mean": 0.34106401624358984,
  "kendall_std": 0.07135752763845982,
  "top_k_intersection": {
    "5": 0.3152542372881356,
    "10": 0.30508474576271194
  },
  "wilcoxon_statistic": 1072.0,
  "wilcoxon_p_value": 0.3183777387457579,
  "wilcoxon_reject_h0": false
}