{
  "explainer_a": "DNN_PA-SHAP",
  "explainer_b": "RF_SHAP",
  "spearman_mean": 0.5806952534485339,
  "spearman_std": 0.05910869077813665,
  "kendall_mean": 0.4160364105047436,
  "kendall_std": 0.04519767428873345,
  "top_k_intersection": {
    "5": 0.2067796610169491,
    "10": 0.28813559322033905
  },
  "wilcoxon_statistic": 222.0,
  "wilcoxon_p_value": 2.34143694521851e-09,
  "wilcoxon_reject_h0": true
}