{
  "explainer_a": "DNN_IG",
  "explainer_b": "DNN_PA-SHAP",
  "spearman_mean": 0.1161427678398975,
  "spearman_std": 0.12235832650522036,
  "kendall_mean": 0.08499848587767127,
  "kendall_std": 0.09178235646551307,
  "top_k_intersection": {
    "5": 0.3762711864406779,
    "10": 0.3338983050847458
  },
  "wilcoxon_statistic": 260.0,
  "wilcoxon_p_value": 8.936523795388729e-09,
  "wilcoxon_reject_h0": true
}