{
  "explainer_a": "DNN_PA-LIME",
  "explainer_b": "DNN_PA-SHAP",
  "spearman_mean": 0.006271792622699225,
  "spearman_std": 0.07215139265594224,
  "kendall_mean": 0.002773835095556518,
  "kendall_std": 0.04976262640338689,
  "top_k_intersection": {
    "5": 0.06101694915254238,
    "10": 0.14576271186440673
  },
  "wilcoxon_statistic": 557.0,
  "wilcoxon_p_value": 2.722965702007514e-06,
  "wilcoxon_reject_h0": true
}