{
  "explainer_a": "DNN_DeepLIFT",
  "explainer_b": "RF_PA-LIME",
  "spearman_mean": 0.058768492541546744,
  "spearman_std": 0.21792893225938878,
  "kendall_mean": 0.03751075762602459,
  "kendall_std": 0.15942992736790695,
  "top_k_intersection": {
    "5": 0.0,
    "10": 0.02033898305084746
  },
  "wilcoxon_statistic": 525.0,
  "wilcoxon_p_value": 2.009156465040015e-06,
  "wilcoxon_reject_h0": true
}