{
  "explainer_a": "DNN_DeepLIFT",
  "explainer_b": "DNN_LIME",
  "spearman_mean": -0.04182414207786217,
  "spearman_std": 0.08517700945356117,
  "kendall_mean": -0.03612296975861991,
  "kendall_std": 0.07433494887485398,
  "top_k_intersection": {
    "5": 0.1966101694915254,
    "10": 0.1915254237288135
  },
  "wilcoxon_statistic": 785.0,
  "wilcoxon_p_value": 0.007420185551920671,
  "wilcoxon_reject_h0": true
}