{
  "explainer_a": "DNN_PA-DeepLIFT",
  "explainer_b": "RF_PA-SHAP",
  "spearman_mean": 0.5283541670585427,
  "spearman_std": 0.13212067081484566,
  "kendall_mean": 0.41691919433533564,
  "kendall_std": 0.10274122986149618,
  "top_k_intersection": {
    "5": 0.3559322033898305,
    "10": 0.464406779661017
  },
  "wilcoxon_statistic": 454.0,
  "wilcoxon_p_value": 3.941452366963141e-06,
  "wilcoxon_reject_h0": true
}