{
  "explainer_a": "DNN_IG",
  "explainer_b": "DNN_LIME",
  "spearman_mean": -0.0427569263415774,
  "spearman_std": 0.08543370297480551,
  "kendall_mean": -0.036898441086231595,
  "kendall_std": 0.07442356513969525,
  "top_k_intersection": {
    "5": 0.1694915254237288,
    "10": 0.17966101694915254
  },
  "wilcoxon_statistic": 670.0,
  "wilcoxon_p_value": 0.0008070235507392228,
  "wilcoxon_reject_h0": true
}