{
  "explainer_a": "DNN_LIME",
  "explainer_b": "RF_PA-SHAP",
  "spearman_mean": 0.053312592242849746,
  "spearman_std": 0.06191527242796362,
  "kendall_mean": 0.04296870881183478,
  "kendall_std": 0.050636460389190126,
  "top_k_intersection": {
    "5": 0.0711864406779661,
    "10": 0.25423728813559326
  },
  "wilcoxon_statistic": 985.0,
  "wilcoxon_p_value": 0.1318267998904368,
  "wilcoxon_reject_h0": false
}