{
  "explainer_a": "DNN_PA-DeepLIFT",
  "explainer_b": "RF_PA-LIME",
  "spearman_mean": 0.040810015321728045,
  "spearman_std": 0.23133295741948381,
  "kendall_mean": 0.027270813149376925,
  "kendall_std": 0.17926995773489726,
  "top_k_intersection": {
    "5": 0.0,
    "10": 0.15254237288135591
  },
  "wilcoxon_statistic": 1229.0,
  "wilcoxon_p_value": 0.3006739852893021,
  "wilcoxon_reject_h0": false
}