{
  "explainer_a": "DNN_PA-DeepLIFT",
  "explainer_b": "RF_SHAP",
  "spearman_mean": 0.5712686153933485,
  "spearman_std": 0.12663333375772012,
  "kendall_mean": 0.45214756942975326,
  "kendall_std": 0.09861435433135154,
  "top_k_intersection": {
    "5": 0.3355932203389831,
    "10": 0.535593220338983
  },
  "wilcoxon_statistic": 455.0,
  "wilcoxon_p_value": 4.054014447034801e-06,
  "wilcoxon_reject_h0": true
}