{
  "explainer_a": "DNN_IG",
  "explainer_b": "RF_SHAP",
  "spearman_mean": 0.4171259921704214,
  "spearman_std": 0.09123261213872971,
  "kendall_mean": 0.31702432277845916,
  "kendall_std": 0.0656665888010009,
  "top_k_intersection": {
    "5": 0.30847457627118635,
    "10": 0.27627118644067805
  },
  "wilcoxon_statistic": 750.0,
  "wilcoxon_p_value": 0.0039490905971480755,
  "wilcoxon_reject_h0": true
}