{
  "explainer_a": "DNN_LIME",
  "explainer_b": "RF_SHAP",
  "spearman_mean": 0.018910218638223578,
  "spearman_std": 0.06957418153915525,
  "kendall_mean": 0.01349118231421594,
  "kendall_std": 0.05537340305432009,
  "top_k_intersection": {
    "5": 0.08474576271186442,
    "10": 0.19491525423728814
  },
  "wilcoxon_statistic": 945.0,
  "wilcoxon_p_value": 0.08167931388201816,
  "wilcoxon_reject_h0": false
}