{
  "explainer_a": "DNN_DeepLIFT",
  "explainer_b": "RF_SHAP",
  "spearman_mean": 0.41145067149575937,
  "spearman_std": 0.08013342689073957,
  "kendall_mean": 0.31191423969536014,
  "kendall_std": 0.05617446102380829,
  "top_k_intersection": {
    "5": 0.3220338983050847,
    "10": 0.2830508474576271
  },
  "wilcoxon_statistic": 1068.0,
  "wilcoxon_p_value": 0.3071569130146554,
  "wilcoxon_reject_h0": false
}