{
  "unsw-nb15": {
    "consensus_mean_spearman": 0.3094378497227663,
    "consensus_mean_kendall": 0.24931418414205814,
    "n_significant_divergences": 56,
    "total_pairs": 66
  }
}