{
  "explainer_a": "DNN_IG",
  "explainer_b": "DNN_SHAP",
  "spearman_mean": 0.19549013690717174,
  "spearman_std": 0.17669377702263217,
  "kendall_mean": 0.1376586550598252,
  "kendall_std": 0.14081854232999916,
  "top_k_intersection": {
    "5": 0.5908045977011493,
    "10": 0.42988505747126426
  },
  "wilcoxon_statistic": 255.0,
  "wilcoxon_p_value": 2.031413209632553e-08,
  "wilcoxon_reject_h0": true
}