{
  "explainer_a": "DNN_IG",
  "explainer_b": "DNN_LIME",
  "spearman_mean": 0.09769446046066255,
  "spearman_std": 0.11292980359459927,
  "kendall_mean": 0.0803202861108209,
  "kendall_std": 0.09525789080972137,
  "top_k_intersection": {
    "5": 0.3931034482758622,
    "10": 0.28390804597701147
  },
  "wilcoxon_statistic": 271.0,
  "wilcoxon_p_value": 6.028069625365789e-06,
  "wilcoxon_reject_h0": true
}