{
  "explainer_a": "DNN_LIME",
  "explainer_b": "RF_SHAP",
  "spearman_mean": 0.16975122046158764,
  "spearman_std": 0.061733969209931315,
  "kendall_mean": 0.13928843521941303,
  "kendall_std": 0.04993147859892956,
  "top_k_intersection": {
    "5": 0.19310344827586198,
    "10": 0.25517241379310346
  },
  "wilcoxon_statistic": 215.0,
  "wilcoxon_p_value": 1.819888635626968e-09,
  "wilcoxon_reject_h0": true
}