{
  "explainer_a": "DNN_IG",
  "explainer_b": "RF_LIME",
  "spearman_mean": 0.21045870533065458,
  "spearman_std": 0.13065908305958293,
  "kendall_mean": 0.1785616475964502,
  "kendall_std": 0.10642329925905025,
  "top_k_intersection": {
    "5": 0.3931034482758622,
    "10": 0.38045977011494253
  },
  "wilcoxon_statistic": 246.0,
  "wilcoxon_p_value": 6.709221367929404e-06,
  "wilcoxon_reject_h0": true
}