{
  "explainer_a": "DNN_IG",
  "explainer_b": "RF_PA-LIME",
  "spearman_mean": 0.024519585800950608,
  "spearman_std": 0.15276374034933649,
  "kendall_mean": 0.0150207822264155,
  "kendall_std": 0.11630036116666723,
  "top_k_intersection": {
    "5": 0.0,
    "10": 0.055172413793103434
  },
  "wilcoxon_statistic": 1002.0,
  "wilcoxon_p_value": 0.15929401724916592,
  "wilcoxon_reject_h0": false
}