{
  "explainer_a": "DNN_SHAP",
  "explainer_b": "RF_PA-LIME",
  "spearman_mean": 0.038432021978155435,
  "spearman_std": 0.04993617564931416,
  "kendall_mean": 0.034307313084078105,
  "kendall_std": 0.035165222407508925,
  "top_k_intersection": {
    "5": 0.0,
    "10": 0.04137931034482759
  },
  "wilcoxon_statistic": 521.0,
  "wilcoxon_p_value": 3.0408681327861914e-06,
  "wilcoxon_reject_h0": true
}