{
  "explainer_a": "DNN_DeepLIFT",
  "explainer_b": "RF_PA-LIME",
  "spearman_mean": 0.00711302791080492,
  "spearman_std": 0.14318177697908205,
  "kendall_mean": -0.0011935927809781808,
  "kendall_std": 0.108510226977991,
  "top_k_intersection": {
    "5": 0.0,
    "10": 0.004597701149425287
  },
  "wilcoxon_statistic": 36.0,
  "wilcoxon_p_value": 1.6566153281831354e-12,
  "wilcoxon_reject_h0": true
}