{
  "explainer_a": "DNN_PA-DeepLIFT",
  "explainer_b": "DNN_SHAP",
  "spearman_mean": 0.3083876523125378,
  "spearman_std": 0.2576902120009213,
  "kendall_mean": 0.2565718082473527,
  "kendall_std": 0.2019696542808321,
  "top_k_intersection": {
    "5": 0.6528735632183907,
    "10": 0.5080459770114942
  },
  "wilcoxon_statistic": 73.0,
  "wilcoxon_p_value": 1.8000052746022692e-11,
  "wilcoxon_reject_h0": true
}