{
  "explainer_a": "DNN_SHAP",
  "explainer_b": "RF_SHAP",
  "spearman_mean": 0.5579917524526549,
  "spearman_std": 0.09850040339611926,
  "kendall_mean": 0.40173673307140506,
  "kendall_std": 0.07311939660265304,
  "top_k_intersection": {
    "5": 0.289655172413793,
    "10": 0.30114942528735633
  },
  "wilcoxon_statistic": 234.0,
  "wilcoxon_p_value": 3.5928194157765067e-09,
  "wilcoxon_reject_h0": true
}