{
  "explainer_a": "DNN_PA-SHAP",
  "explainer_b": "RF_SHAP",
  "spearman_mean": 0.5203757278597829,
  "spearman_std": 0.12226959640681492,
  "kendall_mean": 0.3748463092030812,
  "kendall_std": 0.09299176895247613,
  "top_k_intersection": {
    "5": 0.19310344827586198,
    "10": 0.21149425287356327
  },
  "wilcoxon_statistic": 87.0,
  "wilcoxon_p_value": 1.3591470040102327e-11,
  "wilcoxon_reject_h0": true
}