{
  "explainer_a": "DNN_DeepLIFT",
  "explainer_b": "DNN_IG",
  "spearman_mean": 0.9910616543397612,
  "spearman_std": 0.004869655471193981,
  "kendall_mean": 0.9396967183272177,
  "kendall_std": 0.019173529069287137,
  "top_k_intersection": {
    "5": 0.7999999999999998,
    "10": 0.8114942528735631
  },
  "wilcoxon_statistic": 0.0,
  "wilcoxon_p_value": 2.386484752546066e-10,
  "wilcoxon_reject_h0": true
}