{
  "explainer_a": "DNN_PA-SHAP",
  "explainer_b": "RF_SHAP",
  "spearman_mean": 0.5010185441038758,
  "spearman_std": 0.09302921936676825,
  "kendall_mean": 0.35379805605011505,
  "kendall_std": 0.07240503125744328,
  "top_k_intersection": {
    "5": 0.0,
    "10": 0.07883597883597881
  },
  "wilcoxon_statistic": 101.0,
  "wilcoxon_p_value": 2.3850818026186035e-11,
  "wilcoxon_reject_h0": true
}