{
  "explainer_a": "DNN_IG",
  "explainer_b": "DNN_PA-SHAP",
  "spearman_mean": 0.14164410721776963,
  "spearman_std": 0.25842497270625986,
  "kendall_mean": 0.0913179033146218,
  "kendall_std": 0.19551251504928674,
  "top_k_intersection": {
    "5": 0.28148148148148144,
    "10": 0.23386243386243388
  },
  "wilcoxon_statistic": 199.0,
  "wilcoxon_p_value": 2.657215115336351e-09,
  "wilcoxon_reject_h0": true
}