{
  "explainer_a": "DNN_IG",
  "explainer_b": "RF_PA-SHAP",
  "spearman_mean": 0.5313435115964195,
  "spearman_std": 0.10067667078436995,
  "kendall_mean": 0.3978815520643579,
  "kendall_std": 0.0664724395025173,
  "top_k_intersection": {
    "5": 0.11957671957671955,
    "10": 0.19629629629629627
  },
  "wilcoxon_statistic": 1080.0,
  "wilcoxon_p_value": 0.5698564837385389,
  "wilcoxon_reject_h0": false
}