{
  "explainer_a": "DNN_IG",
  "explainer_b": "DNN_PA-DeepLIFT",
  "spearman_mean": 0.724394160328751,
  "spearman_std": 0.04197750586466249,
  "kendall_mean": 0.6400869945757803,
  "kendall_std": 0.040137002996590135,
  "top_k_intersection": {
    "5": 0.3820105820105821,
    "10": 0.5164021164021164
  },
  "wilcoxon_statistic": 471.0,
  "wilcoxon_p_value": 0.007644822920002586,
  "wilcoxon_reject_h0": true
}