{
  "explainer_a": "DNN_PA-LIME",
  "explainer_b": "RF_SHAP",
  "spearman_mean": -0.0020537585511238403,
  "spearman_std": 0.057090635969099995,
  "kendall_mean": 0.0003610898938478005,
  "kendall_std": 0.038694567484304714,
  "top_k_intersection": {
    "5": 0.11746031746031743,
    "10": 0.1566137566137566
  },
  "wilcoxon_statistic": 1002.0,
  "wilcoxon_p_value": 0.016997603561436272,
  "wilcoxon_reject_h0": true
}