{
  "explainer_a": "DNN_DeepLIFT",
  "explainer_b": "RF_PA-LIME",
  "spearman_mean": 0.03130102125707076,
  "spearman_std": 0.12033826283206922,
  "kendall_mean": 0.016843454687119494,
  "kendall_std": 0.08786665386232163,
  "top_k_intersection": {
    "5": 0.0,
    "10": 0.005820105820105821
  },
  "wilcoxon_statistic": 293.0,
  "wilcoxon_p_value": 2.7496803889456925e-08,
  "wilcoxon_reject_h0": true
}