{
  "explainer_a": "DNN_PA-SHAP",
  "explainer_b": "RF_PA-SHAP",
  "spearman_mean": 0.47785503852804845,
  "spearman_std": 0.06591174406906426,
  "kendall_mean": 0.336259063560982,
  "kendall_std": 0.050811997535371495,
  "top_k_intersection": {
    "5": 0.0,
    "10": 0.17301587301587298
  },
  "wilcoxon_statistic": 76.0,
  "wilcoxon_p_value": 2.0410270801088048e-11,
  "wilcoxon_reject_h0": true
}