{
  "explainer_a": "DNN_IG",
  "explainer_b": "RF_SHAP",
  "spearman_mean": 0.5514574722042893,
  "spearman_std": 0.08131222162818176,
  "kendall_mean": 0.4159309982682955,
  "kendall_std": 0.054786480874477926,
  "top_k_intersection": {
    "5": 0.091005291005291,
    "10": 0.14232804232804233
  },
  "wilcoxon_statistic": 1150.0,
  "wilcoxon_p_value": 0.5882822875983413,
  "wilcoxon_reject_h0": false
}