{
  "explainer_a": "DNN_DeepLIFT",
  "explainer_b": "RF_SHAP",
  "spearman_mean": 0.5532347639639711,
  "spearman_std": 0.07821448232811143,
  "kendall_mean": 0.4149741486457228,
  "kendall_std": 0.05051199841376033,
  "top_k_intersection": {
    "5": 0.09947089947089946,
    "10": 0.21746031746031746
  },
  "wilcoxon_statistic": 500.0,
  "wilcoxon_p_value": 1.391199222091863e-05,
  "wilcoxon_reject_h0": true
}