{
  "explainer_a": "DNN_IG",
  "explainer_b": "DNN_PA-LIME",
  "spearman_mean": 0.011041963697518715,
  "spearman_std": 0.0914988459678344,
  "kendall_mean": 0.00604652305121937,
  "kendall_std": 0.07008761068572562,
  "top_k_intersection": {
    "5": 0.009523809523809525,
    "10": 0.18201058201058204
  },
  "wilcoxon_statistic": 811.0,
  "wilcoxon_p_value": 0.011562693275370262,
  "wilcoxon_reject_h0": true
}