{
  "explainer_a": "DNN_IG",
  "explainer_b": "DNN_PA-IG",
  "spearman_mean": 0.694598016454303,
  "spearman_std": 0.06440946122353722,
  "kendall_mean": 0.5979869390741005,
  "kendall_std": 0.07996581157031364,
  "top_k_intersection": {
    "5": 0.19259259259259254,
    "10": 0.37037037037037046
  },
  "wilcoxon_statistic": 528.0,
  "wilcoxon_p_value": 0.02763616271335223,
  "wilcoxon_reject_h0": true
}