{
  "explainer_a": "RF_PA-SHAP",
  "explainer_b": "RF_SHAP",
  "spearman_mean": 0.9404312036363431,
  "spearman_std": 0.01637026269380304,
  "kendall_mean": 0.8124924711066905,
  "kendall_std": 0.03360625682609759,
  "top_k_intersection": {
    "5": 0.8010582010582009,
    "10": 0.8486772486772488
  },
  "wilcoxon_statistic": 885.0,
  "wilcoxon_p_value": 0.03642462677870996,
  "wilcoxon_reject_h0": true
}