dataset,model,method,faithfulness_correlation,sparsity_mean,complexity_normalized,time_per_sample_ms,stability_jaccard_mean,completeness_success_rate,robustness_mean_deviation,robustness_rank_correlation_mean
nsl-kdd,CNN-LSTM,LIME,0.2298434694677894,0.9224655737704918,0.4526784174894443,169.41747047901154,0.3129456055926644,1.0,1.282382265652927,0.7851965197392117
nsl-kdd,CNN-GRU,LIME,0.26856092432696216,0.9198073770491804,0.4606861030017068,173.27517096996306,0.2776514879456055,1.0,1.300726110070711,0.7844270159704713
