dataset,model,method,faithfulness_correlation,sparsity_mean,complexity_normalized,time_per_sample_ms,stability_jaccard_mean,completeness_success_rate,robustness_mean_deviation,robustness_rank_correlation_mean
nsl-kdd,DNN,SHAP,0.35074539755287637,0.8836065573770492,0.6343618671320003,242.51878261566162,1.0,0.9,0.10666175186634064,0.1430473100016192
nsl-kdd,DNN,LIME,-0.018029633278331694,0.4098360655737705,0.9122130239624712,158.57019424438477,0.22000466853408032,1.0,1.3633501699091488,0.03863300960607492
nsl-kdd,DNN,IG,0.3681355139730237,0.9549180327868853,0.3443868969743061,3.152799606323242,1.0,1.0,0.06167815253138542,0.10737172899435267
nsl-kdd,DNN,DeepLIFT,0.3720085036267436,0.9549180327868853,0.3415175783557687,0.4666566848754883,1.0,1.0,0.06064009293913841,0.10675782579530171
nsl-kdd,RF,SHAP,0.05621416440905927,0.8426229508196721,0.6738709500219515,13.040566444396973,1.0,0.2,30.490678787231445,0.3177505857161268
nsl-kdd,RF,LIME,-0.2074714810836847,0.5532786885245902,0.888696657738009,204.39846515655518,0.2080765639589169,1.0,1.3372856729352682,0.02920088163081875
