dataset,model,method,faithfulness_correlation,sparsity_mean,complexity_normalized,time_per_sample_ms,stability_jaccard_mean,completeness_success_rate,robustness_mean_deviation,robustness_rank_correlation_mean
nsl-kdd,DNN,SHAP,0.4802988829629908,0.8923631147540984,0.6317927244427922,31.21943919658661,1.0,1.0,0.2478839010000229,0.2358283265206314
nsl-kdd,DNN,LIME,-0.047543630916946904,0.9197614754098361,0.45480572441667144,176.88261480331423,0.1994553376906318,1.0,1.3130575382873184,0.7782244193231798
nsl-kdd,DNN,IG,0.3617037075086733,0.9425852459016394,0.3975144588473654,0.7877685070037842,1.0,1.0,0.44378426671028137,0.10015484715204827
nsl-kdd,DNN,DeepLIFT,0.3062250373593799,0.9398327868852459,0.4051507817527247,0.0307004451751709,1.0,1.0,1081903.125,0.1031749944650239
nsl-kdd,RF,SHAP,0.7193220551615398,0.8551622950819672,0.6652990455500132,8.623864984512329,1.0,1.0,0.6369980573654175,0.2352842928944125
nsl-kdd,RF,LIME,0.26633572850675147,0.9204,0.45991228150972974,234.95329847335816,0.2932219941507867,1.0,1.2758224814258297,0.7546167648643023
