{
  "cnn_lstm": {
    "accuracy": 0.7649485450674237,
    "f1_weighted": 0.7382772187456976,
    "auc_roc": 0.8858575793486838,
    "train_time_seconds": 513.9610860347748,
    "grid_size": 11
  },
  "cnn_gru": {
    "accuracy": 0.7929382540809085,
    "f1_weighted": 0.7639422419952533,
    "auc_roc": 0.9156803831650566,
    "train_time_seconds": 881.8536534309387,
    "grid_size": 11
  }
}