{
  "dnn": {
    "accuracy": 0.7658356990773598,
    "f1_weighted": 0.7436588987539128,
    "auc_roc": 0.9104761306959885,
    "train_time_seconds": 31.665279150009155
  },
  "rf": {
    "accuracy": 0.7691181689141235,
    "f1_weighted": 0.7503986112160568,
    "auc_roc": 0.9588096074613713,
    "train_time_seconds": 1.7362728118896484
  },
  "xgb": {
    "accuracy": 0.7868612491128459,
    "f1_weighted": 0.7535311702393674,
    "auc_roc": 0.9588796082215785,
    "train_time_seconds": 3.450279951095581
  },
  "cnn_lstm": {
    "accuracy": 0.7667228530872959,
    "f1_weighted": 0.7401983610659916,
    "auc_roc": 0.9018800851360275,
    "train_time_seconds": 296.17411375045776,
    "grid_size": 11
  },
  "cnn_gru": {
    "accuracy": 0.7798970901348474,
    "f1_weighted": 0.7532644636375426,
    "auc_roc": 0.9219304492302747,
    "train_time_seconds": 599.8714435100555,
    "grid_size": 11
  }
}