{
  "cic-ids-2017": {
    "train": {
      "dnn": {
        "accuracy": 0.9864928350972203,
        "f1_weighted": 0.9865534548516751,
        "auc_roc": 0.9993727935351796,
        "train_time_seconds": 213.04836535453796
      },
      "rf": {
        "accuracy": 0.9954566448551261,
        "f1_weighted": 0.9946411465199555,
        "auc_roc": 0.9998049282388963,
        "train_time_seconds": 16.410433053970337
      },
      "xgb": {
        "accuracy": 0.9987293670820837,
        "f1_weighted": 0.9987535708644837,
        "auc_roc": 0.9999786916350879,
        "train_time_seconds": 20.67860770225525
      }
    },
    "explain": {
      "SHAP_DNN": {
        "time_per_sample_ms": 86.64428510665893,
        "total_time_s": 433.2214255332947,
        "summary_plot_time_s": 1.8182392120361328
      },
      "LIME_DNN": {
        "time_per_sample_ms": 137.44529447555541,
        "total_time_s": 687.2264723777771,
        "summary_plot_time_s": 1.7782082557678223
      },
      "IG_DNN": {
        "time_per_sample_ms": 0.7161690235137939,
        "total_time_s": 3.5808451175689697,
        "summary_plot_time_s": 1.8012993335723877
      },
      "DeepLIFT_DNN": {
        "time_per_sample_ms": 0.02832379341125488,
        "total_time_s": 0.14161896705627441,
        "summary_plot_time_s": 1.7735252380371094
      },
      "SHAP_RF": {
        "time_per_sample_ms": 12.58761820793152,
        "total_time_s": 62.93809103965759,
        "summary_plot_time_s": 1.8080143928527832
      },
      "LIME_RF": {
        "time_per_sample_ms": 190.38155436515808,
        "total_time_s": 951.9077718257904,
        "summary_plot_time_s": 1.7760512828826904
      },
      "SHAP_XGB": {
        "time_per_sample_ms": 0.08392019271850586,
        "total_time_s": 0.4196009635925293,
        "summary_plot_time_s": 2.1192820072174072
      },
      "LIME_XGB": {
        "time_per_sample_ms": 138.2473542690277,
        "total_time_s": 691.2367713451385,
        "summary_plot_time_s": 1.7741024494171143
      }
    },
    "evaluate": [
      {
        "method": "SHAP",
        "model": "DNN",
        "baseline_f1": 0.9876954289953681,
        "baseline_auc": 0.9994251761196096,
        "f1_drop_k5": 0.23031014607352995,
        "auc_drop_k5": 0.465927206089496,
        "masked_f1_k5": 0.7573852829218382,
        "masked_auc_k5": 0.5334979700301136,
        "f1_drop_k10": 0.3816498412930047,
        "auc_drop_k10": 0.6212474045749017,
        "masked_f1_k10": 0.6060455877023634,
        "masked_auc_k10": 0.37817777154470783,
        "f1_drop_k15": 0.29269439719953805,
        "auc_drop_k15": 0.6124744757552679,
        "masked_f1_k15": 0.6950010317958301,
        "masked_auc_k15": 0.38695070036434165,
        "faithfulness_correlation": 0.8499296421711443,
        "faithfulness_p_value": 3.9686551577942e-23,
        "sparsity_tau_0.0": 0.0,
        "sparsity_tau_0.1": 0.8101898734177215,
        "sparsity_tau_0.2": 0.9136303797468355,
        "sparsity_tau_0.3": 0.9443392405063291,
        "sparsity_tau_0.4": 0.9584607594936709,
        "sparsity_tau_0.5": 0.9673341772151899,
        "sparsity_tau_0.6": 0.9752278481012658,
        "sparsity_tau_0.7": 0.9797012658227848,
        "sparsity_tau_0.8": 0.9833215189873418,
        "sparsity_tau_0.9": 0.9859164556962026,
        "sparsity_tau_1.0": 0.9873417721518988,
        "sparsity_mean": 0.8101898734177215,
        "complexity_mean_entropy": 4.431017875671387,
        "complexity_std_entropy": 0.39722710847854614,
        "complexity_normalized": 0.7029143386614021,
        "time_per_sample_ms": 86.64428510665893,
        "total_time_s": 433.2214255332947,
        "samples_per_second": 11.541442101680476,
        "stability_jaccard_mean": 1.0,
        "stability_jaccard_std": 0.0,
        "completeness_success_rate": 1.0,
        "completeness_total_tested": 500,
        "completeness_successes": 500,
        "completeness_axiom_valid": false,
        "completeness_axiom_mae": 22.258726119995117,
        "completeness_axiom_pass_rate": 0.0,
        "dataset": "cic-ids-2017"
      },
      {
        "method": "LIME",
        "model": "DNN",
        "baseline_f1": 0.9876954289953681,
        "baseline_auc": 0.9994251761196096,
        "f1_drop_k5": 0.2201209543610685,
        "auc_drop_k5": 0.5053345807394792,
        "masked_f1_k5": 0.7675744746342996,
        "masked_auc_k5": 0.49409059538013034,
        "f1_drop_k10": 0.22841028255086127,
        "auc_drop_k10": 0.602193104242188,
        "masked_f1_k10": 0.7592851464445068,
        "masked_auc_k10": 0.39723207187742154,
        "f1_drop_k15": 0.23315870620213974,
        "auc_drop_k15": 0.645616159230908,
        "masked_f1_k15": 0.7545367227932284,
        "masked_auc_k15": 0.3538090168887016,
        "faithfulness_correlation": 0.49606526984640265,
        "faithfulness_p_value": 3.3362856094497825e-06,
        "sparsity_tau_0.0": 0.0,
        "sparsity_tau_0.1": 0.8749772151898734,
        "sparsity_tau_0.2": 0.8802607594936709,
        "sparsity_tau_0.3": 0.8930607594936709,
        "sparsity_tau_0.4": 0.9205848101265823,
        "sparsity_tau_0.5": 0.9441721518987342,
        "sparsity_tau_0.6": 0.9581949367088608,
        "sparsity_tau_0.7": 0.9670075949367088,
        "sparsity_tau_0.8": 0.9738962025316455,
        "sparsity_tau_0.9": 0.9808455696202532,
        "sparsity_tau_1.0": 0.9873417721518988,
        "sparsity_mean": 0.8749772151898734,
        "complexity_mean_entropy": 3.1704385725534636,
        "complexity_std_entropy": 0.09181340327423065,
        "complexity_normalized": 0.5029423927014397,
        "time_per_sample_ms": 137.44529447555541,
        "total_time_s": 687.2264723777771,
        "samples_per_second": 7.275621939737264,
        "stability_jaccard_mean": 0.3725768512533218,
        "stability_jaccard_std": 0.08318158338815881,
        "completeness_success_rate": 1.0,
        "completeness_total_tested": 500,
        "completeness_successes": 500,
        "completeness_axiom_valid": false,
        "completeness_axiom_mae": 0.336545299829907,
        "completeness_axiom_pass_rate": 0.04,
        "dataset": "cic-ids-2017"
      },
      {
        "method": "IG",
        "model": "DNN",
        "baseline_f1": 0.9876954289953681,
        "baseline_auc": 0.9994251761196096,
        "f1_drop_k5": 0.08940688603694058,
        "auc_drop_k5": 0.08427748229046961,
        "masked_f1_k5": 0.8982885429584275,
        "masked_auc_k5": 0.91514769382914,
        "f1_drop_k10": 0.20374620842033953,
        "auc_drop_k10": 0.5945593448355555,
        "masked_f1_k10": 0.7839492205750286,
        "masked_auc_k10": 0.404865831284054,
        "f1_drop_k15": 0.2527990796651667,
        "auc_drop_k15": 0.6656001124265953,
        "masked_f1_k15": 0.7348963493302014,
        "masked_auc_k15": 0.3338250636930143,
        "faithfulness_correlation": 0.525715827173356,
        "faithfulness_p_value": 6.521870547819849e-07,
        "sparsity_tau_0.0": 0.0,
        "sparsity_tau_0.1": 0.8561949367088607,
        "sparsity_tau_0.2": 0.9073012658227848,
        "sparsity_tau_0.3": 0.9331037974683545,
        "sparsity_tau_0.4": 0.9481645569620253,
        "sparsity_tau_0.5": 0.9628759493670886,
        "sparsity_tau_0.6": 0.9710987341772152,
        "sparsity_tau_0.7": 0.9772860759493671,
        "sparsity_tau_0.8": 0.9814354430379747,
        "sparsity_tau_0.9": 0.9846227848101266,
        "sparsity_tau_1.0": 0.9873417721518988,
        "sparsity_mean": 0.8561949367088607,
        "complexity_mean_entropy": 3.51220703125,
        "complexity_std_entropy": 0.8016994595527649,
        "complexity_normalized": 0.5571588181054112,
        "time_per_sample_ms": 0.7161690235137939,
        "total_time_s": 3.5808451175689697,
        "samples_per_second": 1396.318420885652,
        "stability_jaccard_mean": 1.0,
        "stability_jaccard_std": 0.0,
        "completeness_success_rate": 1.0,
        "completeness_total_tested": 500,
        "completeness_successes": 500,