{
  "unsw-nb15": {
    "explain": {
      "SHAP_DNN": {
        "time_per_sample_ms": 58.58542323112488,
        "total_time_s": 292.9271161556244,
        "summary_plot_time_s": 1.8762719631195068
      },
      "LIME_DNN": {
        "time_per_sample_ms": 36.534597063064574,
        "total_time_s": 182.67298531532288,
        "summary_plot_time_s": 1.776397705078125
      },
      "IG_DNN": {
        "time_per_sample_ms": 0.7093719959259034,
        "total_time_s": 3.5468599796295166,
        "summary_plot_time_s": 1.784851312637329
      },
      "DeepLIFT_DNN": {
        "time_per_sample_ms": 0.02905516624450684,
        "total_time_s": 0.14527583122253418,
        "summary_plot_time_s": 1.804072380065918
      },
      "SHAP_RF": {
        "time_per_sample_ms": 16.89724645614624,
        "total_time_s": 84.4862322807312,
        "summary_plot_time_s": 1.837850570678711
      },
      "LIME_RF": {
        "time_per_sample_ms": 54.4339234828949,
        "total_time_s": 272.1696174144745,
        "summary_plot_time_s": 1.7633254528045654
      },
      "SHAP_XGB": {
        "time_per_sample_ms": 0.1206162452697754,
        "total_time_s": 0.603081226348877,
        "summary_plot_time_s": 1.8053374290466309
      },
      "LIME_XGB": {
        "time_per_sample_ms": 103.86739654541016,
        "total_time_s": 519.3369827270508,
        "summary_plot_time_s": 1.7978541851043701
      }
    },
    "evaluate": [
      {
        "method": "SHAP",
        "model": "DNN",
        "baseline_f1": 0.8985841691486365,
        "baseline_auc": 0.9888872259631204,
        "f1_drop_k5": 0.24538299664171748,
        "auc_drop_k5": 0.31380239710354085,
        "masked_f1_k5": 0.653201172506919,
        "masked_auc_k5": 0.6750848288595795,
        "f1_drop_k10": 0.27430809606477535,
        "auc_drop_k10": 0.40595575527832584,
        "masked_f1_k10": 0.6242760730838611,
        "masked_auc_k10": 0.5829314706847946,
        "f1_drop_k15": 0.27956211935130015,
        "auc_drop_k15": 0.4112644713797776,
        "masked_f1_k15": 0.6190220497973363,
        "masked_auc_k15": 0.5776227545833428,
        "faithfulness_correlation": 0.5623327924624283,
        "faithfulness_p_value": 1.0254595583581069e-07,
        "sparsity_tau_0.0": 0.0,
        "sparsity_tau_0.1": 0.8806415584415584,
        "sparsity_tau_0.2": 0.9376649350649351,
        "sparsity_tau_0.3": 0.9582467532467532,
        "sparsity_tau_0.4": 0.9673558441558442,
        "sparsity_tau_0.5": 0.973348051948052,
        "sparsity_tau_0.6": 0.9772363636363637,
        "sparsity_tau_0.7": 0.9822701298701298,
        "sparsity_tau_0.8": 0.9844675324675325,
        "sparsity_tau_0.9": 0.9858779220779221,
        "sparsity_tau_1.0": 0.987012987012987,
        "sparsity_mean": 0.8806415584415584,
        "complexity_mean_entropy": 3.7029947197123483,
        "complexity_std_entropy": 0.24746083921128034,
        "complexity_normalized": 0.5908921096428054,
        "time_per_sample_ms": 58.58542323112488,
        "total_time_s": 292.9271161556244,
        "samples_per_second": 17.06909235860443,
        "stability_jaccard_mean": 1.0,
        "stability_jaccard_std": 0.0,
        "completeness_success_rate": 1.0,
        "completeness_total_tested": 500,
        "completeness_successes": 500,
        "completeness_axiom_valid": false,
        "completeness_axiom_mae": 29.127978114936212,
        "completeness_axiom_pass_rate": 0.0,
        "dataset": "unsw-nb15"
      },
      {
        "method": "LIME",
        "model": "DNN",
        "baseline_f1": 0.8985841691486365,
        "baseline_auc": 0.9888872259631204,
        "f1_drop_k5": 0.2231723274599715,
        "auc_drop_k5": 0.07714265147152388,
        "masked_f1_k5": 0.675411841688665,
        "masked_auc_k5": 0.9117445744915965,
        "f1_drop_k10": 0.26012381161883935,
        "auc_drop_k10": 0.40190462877901967,
        "masked_f1_k10": 0.6384603575297971,
        "masked_auc_k10": 0.5869825971841007,
        "f1_drop_k15": 0.27966023654817407,
        "auc_drop_k15": 0.4074208328081773,
        "masked_f1_k15": 0.6189239326004624,
        "masked_auc_k15": 0.5814663931549431,
        "faithfulness_correlation": 0.23054694313768487,
        "faithfulness_p_value": 0.04367319285974496,
        "sparsity_tau_0.0": 0.0,
        "sparsity_tau_0.1": 0.8722883116883117,
        "sparsity_tau_0.2": 0.9141116883116883,
        "sparsity_tau_0.3": 0.9487116883116883,
        "sparsity_tau_0.4": 0.964451948051948,
        "sparsity_tau_0.5": 0.9758207792207793,
        "sparsity_tau_0.6": 0.9802493506493507,
        "sparsity_tau_0.7": 0.9816623376623377,
        "sparsity_tau_0.8": 0.9861818181818182,
        "sparsity_tau_0.9": 0.9866727272727273,
        "sparsity_tau_1.0": 0.987012987012987,
        "sparsity_mean": 0.8722883116883117,
        "complexity_mean_entropy": 3.012815432784995,
        "complexity_std_entropy": 0.07439849525611004,
        "complexity_normalized": 0.48075922376173913,
        "time_per_sample_ms": 36.534597063064574,
        "total_time_s": 182.67298531532288,
        "samples_per_second": 27.371315968637607,
        "stability_jaccard_mean": 1.0,
        "stability_jaccard_std": 0.0,
        "completeness_success_rate": 1.0,
        "completeness_total_tested": 500,
        "completeness_successes": 500,
        "completeness_axiom_valid": false,
        "completeness_axiom_mae": 0.6255938667741624,
        "completeness_axiom_pass_rate": 0.0,
        "dataset": "unsw-nb15"
      },
      {
        "method": "IG",
        "model": "DNN",
        "baseline_f1": 0.8985841691486365,
        "baseline_auc": 0.9888872259631204,
        "f1_drop_k5": 0.125432632344459,
        "auc_drop_k5": 0.031160270770006715,
        "masked_f1_k5": 0.7731515368041775,
        "masked_auc_k5": 0.9577269551931137,
        "f1_drop_k10": 0.261555138096077,
        "auc_drop_k10": 0.2938661563574847,
        "masked_f1_k10": 0.6370290310525595,
        "masked_auc_k10": 0.6950210696056357,
        "f1_drop_k15": 0.2742781127689399,
        "auc_drop_k15": 0.442162685995228,
        "masked_f1_k15": 0.6243060563796966,
        "masked_auc_k15": 0.5467245399678924,
        "faithfulness_correlation": 0.5791412473116223,
        "faithfulness_p_value": 3.431839593817222e-08,
        "sparsity_tau_0.0": 0.0,
        "sparsity_tau_0.1": 0.8784753246753246,
        "sparsity_tau_0.2": 0.9200987012987013,
        "sparsity_tau_0.3": 0.9416233766233766,
        "sparsity_tau_0.4": 0.9534389610389611,
        "sparsity_tau_0.5": 0.963038961038961,
        "sparsity_tau_0.6": 0.9699792207792208,
        "sparsity_tau_0.7": 0.9752909090909091,
        "sparsity_tau_0.8": 0.9798935064935065,
        "sparsity_tau_0.9": 0.9837012987012987,
        "sparsity_tau_1.0": 0.987012987012987,
        "sparsity_mean": 0.8784753246753246,
        "complexity_mean_entropy": 3.341923713684082,
        "complexity_std_entropy": 0.5239726305007935,
        "complexity_normalized": 0.5332754980535062,
        "time_per_sample_ms": 0.7093719959259034,
        "total_time_s": 3.5468599796295166,
        "samples_per_second": 1409.6975997688721,
        "stability_jaccard_mean": 1.0,
        "stability_jaccard_std": 0.0,
        "completeness_success_rate": 1.0,
        "completeness_total_tested": 500,
        "completeness_successes": 500,
        "completeness_axiom_valid": false,
        "completeness_axiom_mae": 0.20945006608963013,
        "completeness_axiom_pass_rate": 0.06,
        "dataset": "unsw-nb15"
      },
      {
        "method": "DeepLIFT",
        "model": "DNN",
        "baseline_f1": 0.8985841691486365,
        "baseline_auc": 0.9888872259631204,
        "f1_drop_k5": 0.15678326992545355,
        "auc_drop_k5": 0.05249797825337921,
        "masked_f1_k5": 0.7418008992231829,
        "masked_auc_k5": 0.9363892477097412,
        "f1_drop_k10": 0.255703191809844,
        "auc_drop_k10": 0.17231995080816875,
        "masked_f1_k10": 0.6428809773387925,