{
  "dnn": {
    "accuracy": 0.8975749163060341,
    "f1_weighted": 0.8987666196758919,
    "auc_roc": 0.9881072320186285,
    "train_time_seconds": 70.35206985473633
  },
  "rf": {
    "accuracy": 0.8995999020168205,
    "f1_weighted": 0.8986223979669724,
    "auc_roc": 0.9882899039612039,
    "train_time_seconds": 1.7278718948364258
  },
  "xgb": {
    "accuracy": 0.9110965950845105,
    "f1_weighted": 0.9101998512748659,
    "auc_roc": 0.9909566385642029,
    "train_time_seconds": 15.816841125488281
  }
}