{
  "dnn": {
    "accuracy": 0.8947660651588144,
    "f1_weighted": 0.8956815935720789,
    "auc_roc": 0.9879486828040985,
    "train_time_seconds": 44.300636529922485
  },
  "rf": {
    "accuracy": 0.8995345798971177,
    "f1_weighted": 0.8985901412055244,
    "auc_roc": 0.9884133405423826,
    "train_time_seconds": 3.438584566116333
  },
  "xgb": {
    "accuracy": 0.9112925614436188,
    "f1_weighted": 0.9103536950577544,
    "auc_roc": 0.9909732741339723,
    "train_time_seconds": 16.457347631454468
  },
  "cnn_lstm": {
    "accuracy": 0.884739119784437,
    "f1_weighted": 0.8863893593877631,
    "auc_roc": 0.9852359178484267,
    "train_time_seconds": 159.6166968345642,
    "grid_size": 11
  },
  "cnn_gru": {
    "accuracy": 0.8808361231321956,
    "f1_weighted": 0.8820345627828065,
    "auc_roc": 0.985039015420041,
    "train_time_seconds": 273.86075615882874,
    "grid_size": 11
  }
}