{
  "explainer_a": "DNN_IG",
  "explainer_b": "DNN_SHAP",
  "spearman_mean": 0.49143290740756174,
  "spearman_std": 0.031525092508173855,
  "kendall_mean": 0.4188732788025225,
  "kendall_std": 0.02614782544053551,
  "top_k_intersection": {
    "5": 0.4164433617539586,
    "10": 0.4788672350791717
  },
  "wilcoxon_statistic": 0.0,
  "wilcoxon_p_value": 1.2469754626335515e-18,
  "wilcoxon_reject_h0": true
}