{
  "explainer_a": "DNN_IG",
  "explainer_b": "DNN_PA-SHAP",
  "spearman_mean": 0.46101119132207863,
  "spearman_std": 0.0429071200380186,
  "kendall_mean": 0.396906732239924,
  "kendall_std": 0.0358780187988228,
  "top_k_intersection": {
    "5": 0.4165651644336175,
    "10": 0.5033495736906212
  },
  "wilcoxon_statistic": 64.0,
  "wilcoxon_p_value": 4.338278350532083e-16,
  "wilcoxon_reject_h0": true
}