{
  "explainer_a": "DNN_DeepLIFT",
  "explainer_b": "RF_SHAP",
  "spearman_mean": 0.21832929298533874,
  "spearman_std": 0.2503810418914467,
  "kendall_mean": 0.17444695982973485,
  "kendall_std": 0.19991396103187908,
  "top_k_intersection": {
    "5": 0.300121802679659,
    "10": 0.505115712545676
  },
  "wilcoxon_statistic": 1144.0,
  "wilcoxon_p_value": 2.0826959036219745e-10,
  "wilcoxon_reject_h0": true
}