{
  "explainer_a": "DNN_IG",
  "explainer_b": "DNN_PA-IG",
  "spearman_mean": 0.8006899719139255,
  "spearman_std": 0.07981191206546774,
  "kendall_mean": 0.7615073328901604,
  "kendall_std": 0.07056514678934214,
  "top_k_intersection": {
    "5": 0.38038976857490875,
    "10": 0.5342265529841657
  },
  "wilcoxon_statistic": 2123.0,
  "wilcoxon_p_value": 0.8107375994956105,
  "wilcoxon_reject_h0": false
}