{
  "explainer_a": "DNN_PA-IG",
  "explainer_b": "RF_SHAP",
  "spearman_mean": 0.5374610910822697,
  "spearman_std": 0.08565610097717237,
  "kendall_mean": 0.4292206719453826,
  "kendall_std": 0.06642489123294884,
  "top_k_intersection": {
    "5": 0.3193666260657735,
    "10": 0.4596224116930573
  },
  "wilcoxon_statistic": 1396.0,
  "wilcoxon_p_value": 1.3597428936043552e-08,
  "wilcoxon_reject_h0": true
}