{
  "explainer_a": "RF_PA-SHAP",
  "explainer_b": "RF_SHAP",
  "spearman_mean": 0.6708682735320447,
  "spearman_std": 0.01819331061600297,
  "kendall_mean": 0.5247100553788902,
  "kendall_std": 0.016235671397885797,
  "top_k_intersection": {
    "5": 0.29098660170523755,
    "10": 0.36760048721071864
  },
  "wilcoxon_statistic": 1368.0,
  "wilcoxon_p_value": 8.73755515861519e-09,
  "wilcoxon_reject_h0": true
}