{
  "explainer_a": "RF_PA-LIME",
  "explainer_b": "RF_SHAP",
  "spearman_mean": 0.36614007113863534,
  "spearman_std": 0.05818639181558309,
  "kendall_mean": 0.24735016626548098,
  "kendall_std": 0.04372897935195573,
  "top_k_intersection": {
    "5": 0.41814859926918396,
    "10": 0.45852618757612656
  },
  "wilcoxon_statistic": 439.0,
  "wilcoxon_p_value": 2.596441528548153e-17,
  "wilcoxon_reject_h0": true
}