{
  "explainer_a": "DNN_IG",
  "explainer_b": "DNN_SHAP",
  "spearman_mean": 0.3012411179292322,
  "spearman_std": 0.1605002206405224,
  "kendall_mean": 0.23023893961301095,
  "kendall_std": 0.12209962629134555,
  "top_k_intersection": {
    "5": 0.34872,
    "10": 0.33788
  },
  "wilcoxon_statistic": 83.0,
  "wilcoxon_p_value": 4.210969161878662e-11,
  "wilcoxon_reject_h0": true
}