{
  "explainer_a": "DNN_IG",
  "explainer_b": "DNN_PA-LIME",
  "spearman_mean": 0.18107964771064752,
  "spearman_std": 0.14521815034287125,
  "kendall_mean": 0.1292110056166954,
  "kendall_std": 0.10697569170100951,
  "top_k_intersection": {
    "5": 0.05068,
    "10": 0.10203999999999999
  },
  "wilcoxon_statistic": 300.0,
  "wilcoxon_p_value": 7.686967572965475e-09,
  "wilcoxon_reject_h0": true
}