{
  "explainer_a": "DNN_IG",
  "explainer_b": "RF_SHAP",
  "spearman_mean": 0.4128173703181771,
  "spearman_std": 0.14770427613132883,
  "kendall_mean": 0.3126630811289336,
  "kendall_std": 0.1126504850073268,
  "top_k_intersection": {
    "5": 0.14644000000000001,
    "10": 0.26542
  },
  "wilcoxon_statistic": 704.0,
  "wilcoxon_p_value": 0.002609042916394474,
  "wilcoxon_reject_h0": true
}