{
  "explainer_a": "DNN_PA-DeepLIFT",
  "explainer_b": "RF_SHAP",
  "spearman_mean": 0.36227531651975353,
  "spearman_std": 0.09806591492646945,
  "kendall_mean": 0.2682474262095833,
  "kendall_std": 0.07917327998016557,
  "top_k_intersection": {
    "5": 0.14143999999999998,
    "10": 0.2899
  },
  "wilcoxon_statistic": 347.0,
  "wilcoxon_p_value": 5.746737953473321e-08,
  "wilcoxon_reject_h0": true
}