{
  "explainer_a": "DNN_PA-IG",
  "explainer_b": "RF_PA-LIME",
  "spearman_mean": 0.2865580827761955,
  "spearman_std": 0.13484072659758994,
  "kendall_mean": 0.21319164509620264,
  "kendall_std": 0.10204895048288602,
  "top_k_intersection": {
    "5": 0.13272,
    "10": 0.33682
  },
  "wilcoxon_statistic": 1153.0,
  "wilcoxon_p_value": 0.3662697918584773,
  "wilcoxon_reject_h0": false
}