{
  "explainer_a": "DNN_PA-SHAP",
  "explainer_b": "RF_PA-LIME",
  "spearman_mean": 0.29108827680346927,
  "spearman_std": 0.06735600240747999,
  "kendall_mean": 0.20629054911495773,
  "kendall_std": 0.05164334080771917,
  "top_k_intersection": {
    "5": 0.15755999999999998,
    "10": 0.19418000000000002
  },
  "wilcoxon_statistic": 245.0,
  "wilcoxon_p_value": 1.9865823417323462e-09,
  "wilcoxon_reject_h0": true
}