{
  "explainer_a": "DNN_DeepLIFT",
  "explainer_b": "RF_LIME",
  "spearman_mean": 0.04527928185776333,
  "spearman_std": 0.11097519878534082,
  "kendall_mean": 0.03834813100910153,
  "kendall_std": 0.09468150130316678,
  "top_k_intersection": {
    "5": 0.09804000000000002,
    "10": 0.16344
  },
  "wilcoxon_statistic": 1260.0,
  "wilcoxon_p_value": 0.9178542040367362,
  "wilcoxon_reject_h0": false
}