{
  "explainer_a": "DNN_SHAP",
  "explainer_b": "RF_PA-SHAP",
  "spearman_mean": 0.5941992129881871,
  "spearman_std": 0.05510998631063792,
  "kendall_mean": 0.43870738178935414,
  "kendall_std": 0.049134002397723524,
  "top_k_intersection": {
    "5": 0.27696000000000004,
    "10": 0.25451999999999997
  },
  "wilcoxon_statistic": 102.0,
  "wilcoxon_p_value": 9.308707758065284e-11,
  "wilcoxon_reject_h0": true
}