{
  "explainer_a": "DNN_DeepLIFT",
  "explainer_b": "DNN_PA-LIME",
  "spearman_mean": 0.13267388471420782,
  "spearman_std": 0.14076243827277043,
  "kendall_mean": 0.09563817636955316,
  "kendall_std": 0.10336778944725358,
  "top_k_intersection": {
    "5": 0.05984000000000001,
    "10": 0.12178000000000001
  },
  "wilcoxon_statistic": 125.0,
  "wilcoxon_p_value": 1.6140688223257836e-11,
  "wilcoxon_reject_h0": true
}