{
  "explainer_a": "DNN_PA-SHAP",
  "explainer_b": "RF_SHAP",
  "spearman_mean": 0.3361180700739816,
  "spearman_std": 0.059982079779124134,
  "kendall_mean": 0.23302884493602177,
  "kendall_std": 0.04814001605969923,
  "top_k_intersection": {
    "5": 0.11724000000000001,
    "10": 0.20711999999999997
  },
  "wilcoxon_statistic": 203.0,
  "wilcoxon_p_value": 4.529586265670316e-10,
  "wilcoxon_reject_h0": true
}