{
  "explainer_a": "DNN_LIME",
  "explainer_b": "RF_PA-LIME",
  "spearman_mean": -0.1353984468455178,
  "spearman_std": 0.09638305995722488,
  "kendall_mean": -0.11042057828268152,
  "kendall_std": 0.07937765469550472,
  "top_k_intersection": {
    "5": 0.07808000000000001,
    "10": 0.13812
  },
  "wilcoxon_statistic": 577.0,
  "wilcoxon_p_value": 2.6775915689119414e-06,
  "wilcoxon_reject_h0": true
}