{
  "explainer_a": "DNN_PA-IG",
  "explainer_b": "RF_SHAP",
  "spearman_mean": 0.3665214782897052,
  "spearman_std": 0.1031659967644526,
  "kendall_mean": 0.2735085429361946,
  "kendall_std": 0.08169893660484562,
  "top_k_intersection": {
    "5": 0.16452,
    "10": 0.27502
  },
  "wilcoxon_statistic": 302.0,
  "wilcoxon_p_value": 1.3545770826733401e-08,
  "wilcoxon_reject_h0": true
}