{
  "explainer_a": "DNN_PA-IG",
  "explainer_b": "DNN_SHAP",
  "spearman_mean": 0.28495339584260676,
  "spearman_std": 0.06250320968834347,
  "kendall_mean": 0.2087962683165129,
  "kendall_std": 0.048458853579993404,
  "top_k_intersection": {
    "5": 0.04608000000000001,
    "10": 0.1677
  },
  "wilcoxon_statistic": 296.0,
  "wilcoxon_p_value": 3.040458929551178e-08,
  "wilcoxon_reject_h0": true
}