{
  "explainer_a": "DNN_LIME",
  "explainer_b": "RF_SHAP",
  "spearman_mean": 0.057101844173942234,
  "spearman_std": 0.10471352972511609,
  "kendall_mean": 0.046759633433473925,
  "kendall_std": 0.08457673969312897,
  "top_k_intersection": {
    "5": 0.13704000000000002,
    "10": 0.15554
  },
  "wilcoxon_statistic": 1265.0,
  "wilcoxon_p_value": 0.9406221959437299,
  "wilcoxon_reject_h0": false
}