{
  "explainer_a": "DNN_PA-DeepLIFT",
  "explainer_b": "DNN_PA-SHAP",
  "spearman_mean": 0.568795699376357,
  "spearman_std": 0.10694509398678663,
  "kendall_mean": 0.4736264937944437,
  "kendall_std": 0.09218258826407648,
  "top_k_intersection": {
    "5": 0.2984615384615385,
    "10": 0.4138461538461538
  },
  "wilcoxon_statistic": 0.0,
  "wilcoxon_p_value": 1.119700309921998e-12,
  "wilcoxon_reject_h0": true
}