{
  "explainer_a": "DNN_PA-DeepLIFT",
  "explainer_b": "RF_LIME",
  "spearman_mean": -0.0779837593166803,
  "spearman_std": 0.16136397481828524,
  "kendall_mean": -0.0665472747057922,
  "kendall_std": 0.13615004545992215,
  "top_k_intersection": {
    "5": 0.04,
    "10": 0.13230769230769232
  },
  "wilcoxon_statistic": 399.0,
  "wilcoxon_p_value": 3.791101442233122e-06,
  "wilcoxon_reject_h0": true
}