{
  "explainer_a": "DNN_IG",
  "explainer_b": "RF_SHAP",
  "spearman_mean": 0.622183206367267,
  "spearman_std": 0.18140679811146063,
  "kendall_mean": 0.4739287755198321,
  "kendall_std": 0.13709981603746732,
  "top_k_intersection": {
    "5": 0.21538461538461537,
    "10": 0.36923076923076925
  },
  "wilcoxon_statistic": 520.0,
  "wilcoxon_p_value": 6.605635162695487e-05,
  "wilcoxon_reject_h0": true
}