{
  "explainer_a": "DNN_IG",
  "explainer_b": "RF_LIME",
  "spearman_mean": 0.022802595040118424,
  "spearman_std": 0.14141475881387391,
  "kendall_mean": 0.021260669716042863,
  "kendall_std": 0.12364602221640468,
  "top_k_intersection": {
    "5": 0.09846153846153846,
    "10": 0.19999999999999998
  },
  "wilcoxon_statistic": 265.0,
  "wilcoxon_p_value": 4.7729342701670526e-08,
  "wilcoxon_reject_h0": true
}