{
  "explainer_a": "DNN_PA-DeepLIFT",
  "explainer_b": "RF_PA-LIME",
  "spearman_mean": 0.17537597738692104,
  "spearman_std": 0.09491138851504259,
  "kendall_mean": 0.12667348011454574,
  "kendall_std": 0.06976081088134103,
  "top_k_intersection": {
    "5": 0.043076923076923075,
    "10": 0.08153846153846153
  },
  "wilcoxon_statistic": 839.0,
  "wilcoxon_p_value": 0.027577715921297548,
  "wilcoxon_reject_h0": true
}