{
  "explainer_a": "DNN_IG",
  "explainer_b": "DNN_PA-SHAP",
  "spearman_mean": 0.628601166364188,
  "spearman_std": 0.23096711707409828,
  "kendall_mean": 0.5203904783628398,
  "kendall_std": 0.19175641207122715,
  "top_k_intersection": {
    "5": 0.32,
    "10": 0.45538461538461533
  },
  "wilcoxon_statistic": 0.0,
  "wilcoxon_p_value": 1.119700309921998e-12,
  "wilcoxon_reject_h0": true
}