{
  "explainer_a": "DNN_IG",
  "explainer_b": "RF_PA-SHAP",
  "spearman_mean": 0.6152162138999174,
  "spearman_std": 0.17316172580589598,
  "kendall_mean": 0.47264997969472533,
  "kendall_std": 0.13196002173493943,
  "top_k_intersection": {
    "5": 0.21846153846153843,
    "10": 0.32153846153846155
  },
  "wilcoxon_statistic": 504.0,
  "wilcoxon_p_value": 7.28990607717752e-05,
  "wilcoxon_reject_h0": true
}