{
  "explainer_a": "DNN_PA-DeepLIFT",
  "explainer_b": "RF_PA-SHAP",
  "spearman_mean": 0.5572882671275702,
  "spearman_std": 0.09129876936986148,
  "kendall_mean": 0.428049507098956,
  "kendall_std": 0.07630696696687193,
  "top_k_intersection": {
    "5": 0.13230769230769232,
    "10": 0.26153846153846155
  },
  "wilcoxon_statistic": 858.0,
  "wilcoxon_p_value": 0.07920673098360657,
  "wilcoxon_reject_h0": false
}