{
  "explainer_a": "DNN_DeepLIFT",
  "explainer_b": "DNN_PA-SHAP",
  "spearman_mean": 0.6259384764829639,
  "spearman_std": 0.2273716091225627,
  "kendall_mean": 0.5172959733260117,
  "kendall_std": 0.18643791875598767,
  "top_k_intersection": {
    "5": 0.35384615384615387,
    "10": 0.4615384615384615
  },
  "wilcoxon_statistic": 0.0,
  "wilcoxon_p_value": 1.119700309921998e-12,
  "wilcoxon_reject_h0": true
}