{
  "explainer_a": "RF_LIME",
  "explainer_b": "RF_PA-LIME",
  "spearman_mean": 0.026212539235945645,
  "spearman_std": 0.06468579526321742,
  "kendall_mean": 0.022062794897889083,
  "kendall_std": 0.052798396844177704,
  "top_k_intersection": {
    "5": 0.2153846153846154,
    "10": 0.1953846153846154
  },
  "wilcoxon_statistic": 55.0,
  "wilcoxon_p_value": 1.9367493271080455e-11,
  "wilcoxon_reject_h0": true
}