{
  "explainer_a": "DNN_IG",
  "explainer_b": "DNN_PA-DeepLIFT",
  "spearman_mean": 0.38931052368463825,
  "spearman_std": 0.1831237056128391,
  "kendall_mean": 0.3278068402017485,
  "kendall_std": 0.16772222486350064,
  "top_k_intersection": {
    "5": 0.3230769230769231,
    "10": 0.43461538461538474
  },
  "wilcoxon_statistic": 675.0,
  "wilcoxon_p_value": 0.8985471788654134,
  "wilcoxon_reject_h0": false
}