{
  "explainer_a": "DNN_DeepLIFT",
  "explainer_b": "DNN_LIME",
  "spearman_mean": 0.08772666615056136,
  "spearman_std": 0.039026094322184575,
  "kendall_mean": 0.07832534621186625,
  "kendall_std": 0.039546106459441115,
  "top_k_intersection": {
    "5": 0.27692307692307694,
    "10": 0.1807692307692307
  },
  "wilcoxon_statistic": 693.0,
  "wilcoxon_p_value": 0.3917246644763842,
  "wilcoxon_reject_h0": false
}