{
  "explainer_a": "DNN_IG",
  "explainer_b": "RF_SHAP",
  "spearman_mean": 0.5076802463106992,
  "spearman_std": 0.03644193017553639,
  "kendall_mean": 0.38492028748433627,
  "kendall_std": 0.021856645559766814,
  "top_k_intersection": {
    "5": 0.396153846153846,
    "10": 0.4288461538461539
  },
  "wilcoxon_statistic": 1198.0,
  "wilcoxon_p_value": 0.7945381769977535,
  "wilcoxon_reject_h0": false
}