{
  "explainer_a": "DNN_SHAP",
  "explainer_b": "RF_SHAP",
  "spearman_mean": 0.5984357892689052,
  "spearman_std": 0.033159547094977385,
  "kendall_mean": 0.4354411164305922,
  "kendall_std": 0.02816124000938198,
  "top_k_intersection": {
    "5": 0.26153846153846155,
    "10": 0.5076923076923078
  },
  "wilcoxon_statistic": 140.0,
  "wilcoxon_p_value": 1.1036074776889643e-10,
  "wilcoxon_reject_h0": true
}