{
  "explainer_a": "DNN_PA-DeepLIFT",
  "explainer_b": "RF_PA-LIME",
  "spearman_mean": 0.25308469561553637,
  "spearman_std": 0.07839629100393185,
  "kendall_mean": 0.1895552815854945,
  "kendall_std": 0.05898863495009026,
  "top_k_intersection": {
    "5": 0.04230769230769231,
    "10": 0.16346153846153846
  },
  "wilcoxon_statistic": 743.0,
  "wilcoxon_p_value": 0.0054825958843733,
  "wilcoxon_reject_h0": true
}