{
  "explainer_a": "DNN_IG",
  "explainer_b": "DNN_PA-LIME",
  "spearman_mean": 0.0014468732554392635,
  "spearman_std": 0.17806533492601004,
  "kendall_mean": -0.0058743082626199015,
  "kendall_std": 0.13347266546596778,
  "top_k_intersection": {
    "5": 0.0,
    "10": 0.09038461538461538
  },
  "wilcoxon_statistic": 950.0,
  "wilcoxon_p_value": 0.12366308532855054,
  "wilcoxon_reject_h0": false
}