{
  "explainer_a": "DNN_DeepLIFT",
  "explainer_b": "RF_PA-LIME",
  "spearman_mean": 0.018861281767635248,
  "spearman_std": 0.22302205629970825,
  "kendall_mean": 0.010309363853964424,
  "kendall_std": 0.16323434630656844,
  "top_k_intersection": {
    "5": 0.0,
    "10": 0.07692307692307693
  },
  "wilcoxon_statistic": 28.0,
  "wilcoxon_p_value": 1.7609249942441118e-12,
  "wilcoxon_reject_h0": true
}