{
  "explainer_a": "DNN_PA-DeepLIFT",
  "explainer_b": "RF_SHAP",
  "spearman_mean": 0.6775441768721203,
  "spearman_std": 0.016659946550169814,
  "kendall_mean": 0.5232317189305552,
  "kendall_std": 0.015396989936626946,
  "top_k_intersection": {
    "5": 0.16153846153846152,
    "10": 0.37692307692307686
  },
  "wilcoxon_statistic": 1188.0,
  "wilcoxon_p_value": 0.7497690138669966,
  "wilcoxon_reject_h0": false
}