{
  "explainer_a": "DNN_IG",
  "explainer_b": "DNN_LIME",
  "spearman_mean": 0.08426333345237408,
  "spearman_std": 0.02377749689291676,
  "kendall_mean": 0.0758187273004703,
  "kendall_std": 0.026479734340134595,
  "top_k_intersection": {
    "5": 0.18461538461538457,
    "10": 0.13846153846153844
  },
  "wilcoxon_statistic": 199.0,
  "wilcoxon_p_value": 1.028563264846544e-06,
  "wilcoxon_reject_h0": true
}