{
  "explainer_a": "DNN_SHAP",
  "explainer_b": "RF_LIME",
  "spearman_mean": 0.2568531267940505,
  "spearman_std": 0.09702873952308076,
  "kendall_mean": 0.2127372705069247,
  "kendall_std": 0.0827348292741013,
  "top_k_intersection": {
    "5": 0.43846153846153835,
    "10": 0.4423076923076923
  },
  "wilcoxon_statistic": 25.0,
  "wilcoxon_p_value": 1.5481757865130002e-12,
  "wilcoxon_reject_h0": true
}