{
  "explainer_a": "DNN_IG",
  "explainer_b": "RF_PA-SHAP",
  "spearman_mean": 0.5244466186655413,
  "spearman_std": 0.08076188806128332,
  "kendall_mean": 0.38920071505706605,
  "kendall_std": 0.044163561189022545,
  "top_k_intersection": {
    "5": 0.31153846153846154,
    "10": 0.4115384615384616
  },
  "wilcoxon_statistic": 1113.0,
  "wilcoxon_p_value": 0.7139015852856421,
  "wilcoxon_reject_h0": false
}