{
  "explainer_a": "DNN_PA-SHAP",
  "explainer_b": "RF_PA-LIME",
  "spearman_mean": 0.13508184216870403,
  "spearman_std": 0.07210791605532542,
  "kendall_mean": 0.09721505456972059,
  "kendall_std": 0.04759677663850347,
  "top_k_intersection": {
    "5": 0.09230769230769233,
    "10": 0.1346153846153846
  },
  "wilcoxon_statistic": 294.0,
  "wilcoxon_p_value": 3.839992016581096e-09,
  "wilcoxon_reject_h0": true
}