{
  "explainer_a": "DNN_IG",
  "explainer_b": "DNN_PA-SHAP",
  "spearman_mean": 0.23058520725237455,
  "spearman_std": 0.10261885919131146,
  "kendall_mean": 0.1678780379132658,
  "kendall_std": 0.06885797899431473,
  "top_k_intersection": {
    "5": 0.30769230769230776,
    "10": 0.3615384615384615
  },
  "wilcoxon_statistic": 112.0,
  "wilcoxon_p_value": 8.986580114220836e-11,
  "wilcoxon_reject_h0": true
}