{
  "explainer_a": "DNN_DeepLIFT",
  "explainer_b": "RF_SHAP",
  "spearman_mean": 0.5050672995897619,
  "spearman_std": 0.09233645495043334,
  "kendall_mean": 0.3833402227462846,
  "kendall_std": 0.06602891245821961,
  "top_k_intersection": {
    "5": 0.29230769230769227,
    "10": 0.34423076923076923
  },
  "wilcoxon_statistic": 0.0,
  "wilcoxon_p_value": 3.559469460061398e-13,
  "wilcoxon_reject_h0": true
}