{
  "explainer_a": "DNN_IG",
  "explainer_b": "RF_LIME",
  "spearman_mean": 0.31259478419137554,
  "spearman_std": 0.11013804835960762,
  "kendall_mean": 0.28059640085043003,
  "kendall_std": 0.10630560856193678,
  "top_k_intersection": {
    "5": 0.5230769230769231,
    "10": 0.36346153846153845
  },
  "wilcoxon_statistic": 195.0,
  "wilcoxon_p_value": 4.068266316236257e-06,
  "wilcoxon_reject_h0": true
}