{
  "explainer_a": "DNN_IG",
  "explainer_b": "RF_PA-LIME",
  "spearman_mean": 0.007603291668613574,
  "spearman_std": 0.22379543340976926,
  "kendall_mean": -0.00018768168625273458,
  "kendall_std": 0.16498774133318037,
  "top_k_intersection": {
    "5": 0.0,
    "10": 0.0576923076923077
  },
  "wilcoxon_statistic": 924.0,
  "wilcoxon_p_value": 0.09006948594879895,
  "wilcoxon_reject_h0": false
}