{
  "explainer_a": "DNN_IG",
  "explainer_b": "DNN_PA-IG",
  "spearman_mean": 0.3712524747791472,
  "spearman_std": 0.17930845756871985,
  "kendall_mean": 0.30634538332718636,
  "kendall_std": 0.15648512493852745,
  "top_k_intersection": {
    "5": 0.18461538461538457,
    "10": 0.3269230769230769
  },
  "wilcoxon_statistic": 634.0,
  "wilcoxon_p_value": 0.616455283857481,
  "wilcoxon_reject_h0": false
}