{
  "explainer_a": "RF_LIME",
  "explainer_b": "RF_SHAP",
  "spearman_mean": 0.4282155437022129,
  "spearman_std": 0.012405809291121955,
  "kendall_mean": 0.34718377418023566,
  "kendall_std": 0.010908943086908639,
  "top_k_intersection": {
    "5": 0.5846153846153845,
    "10": 0.6442307692307694
  },
  "wilcoxon_statistic": 32.0,
  "wilcoxon_p_value": 1.3998410994610097e-12,
  "wilcoxon_reject_h0": true
}