{
  "explainer_a": "RF_LIME",
  "explainer_b": "RF_PA-LIME",
  "spearman_mean": -0.03726981549385881,
  "spearman_std": 0.05588067529847017,
  "kendall_mean": -0.029987297119316844,
  "kendall_std": 0.04550456860265282,
  "top_k_intersection": {
    "5": 0.0,
    "10": 0.12307692307692306
  },
  "wilcoxon_statistic": 41.0,
  "wilcoxon_p_value": 6.942495983619965e-12,
  "wilcoxon_reject_h0": true
}