{
  "explainer_a": "RF_PA-SHAP",
  "explainer_b": "RF_SHAP",
  "spearman_mean": 0.9520389765201921,
  "spearman_std": 0.0005720228643342661,
  "kendall_mean": 0.8310190749574335,
  "kendall_std": 0.00296494563303891,
  "top_k_intersection": {
    "5": 0.7846153846153847,
    "10": 0.8538461538461538
  },
  "wilcoxon_statistic": 1155.0,
  "wilcoxon_p_value": 0.6086048334558443,
  "wilcoxon_reject_h0": false
}