{
  "explainer_a": "RF_PA-LIME",
  "explainer_b": "RF_SHAP",
  "spearman_mean": 0.2106658018032443,
  "spearman_std": 0.0827844260890456,
  "kendall_mean": 0.1614698255836233,
  "kendall_std": 0.06356967160261594,
  "top_k_intersection": {
    "5": 0.09615384615384617,
    "10": 0.27499999999999997
  },
  "wilcoxon_statistic": 623.0,
  "wilcoxon_p_value": 1.3677454186905709e-05,
  "wilcoxon_reject_h0": true
}