{
  "explainer_a": "DNN_LIME",
  "explainer_b": "RF_PA-SHAP",
  "spearman_mean": 0.0007731072178179859,
  "spearman_std": 0.09263999275115278,
  "kendall_mean": 0.0007711488560774195,
  "kendall_std": 0.0725364647691012,
  "top_k_intersection": {
    "5": 0.3283582089552239,
    "10": 0.24875621890547264
  },
  "wilcoxon_statistic": 401.0,
  "wilcoxon_p_value": 1.4211153651956381e-06,
  "wilcoxon_reject_h0": true
}