{
  "explainer_a": "DNN_IG",
  "explainer_b": "RF_PA-LIME",
  "spearman_mean": -0.044672834810462116,
  "spearman_std": 0.14779076353833911,
  "kendall_mean": -0.041322831205441085,
  "kendall_std": 0.11180357334707657,
  "top_k_intersection": {
    "5": 0.0,
    "10": 0.008457711442786071
  },
  "wilcoxon_statistic": 469.0,
  "wilcoxon_p_value": 5.992231005583307e-06,
  "wilcoxon_reject_h0": true
}