{
  "explainer_a": "DNN_LIME",
  "explainer_b": "RF_SHAP",
  "spearman_mean": -0.002771678604195219,
  "spearman_std": 0.08654035029461668,
  "kendall_mean": 0.001150183699247048,
  "kendall_std": 0.06909778419237966,
  "top_k_intersection": {
    "5": 0.2,
    "10": 0.17213930348258705
  },
  "wilcoxon_statistic": 475.0,
  "wilcoxon_p_value": 7.070664251984663e-06,
  "wilcoxon_reject_h0": true
}