{
  "explainer_a": "DNN_IG",
  "explainer_b": "DNN_PA-SHAP",
  "spearman_mean": -0.018483737663124417,
  "spearman_std": 0.2209057423812643,
  "kendall_mean": -0.031938980139977355,
  "kendall_std": 0.16662671592746567,
  "top_k_intersection": {
    "5": 0.3990049751243781,
    "10": 0.2064676616915423
  },
  "wilcoxon_statistic": 110.0,
  "wilcoxon_p_value": 8.286493722437103e-11,
  "wilcoxon_reject_h0": true
}