{
  "explainer_a": "DNN_SHAP",
  "explainer_b": "RF_SHAP",
  "spearman_mean": 0.478424697841585,
  "spearman_std": 0.04714387820399396,
  "kendall_mean": 0.3356832969260953,
  "kendall_std": 0.041918186514267146,
  "top_k_intersection": {
    "5": 0.4447761194029851,
    "10": 0.245771144278607
  },
  "wilcoxon_statistic": 192.0,
  "wilcoxon_p_value": 7.860570119718131e-10,
  "wilcoxon_reject_h0": true
}