{
  "explainer_a": "DNN_IG",
  "explainer_b": "DNN_PA-IG",
  "spearman_mean": 0.42845222974686514,
  "spearman_std": 0.09513632640759488,
  "kendall_mean": 0.3959025130774732,
  "kendall_std": 0.07352323094648291,
  "top_k_intersection": {
    "5": 0.2656716417910448,
    "10": 0.3537313432835821
  },
  "wilcoxon_statistic": 667.0,
  "wilcoxon_p_value": 0.6676619250303817,
  "wilcoxon_reject_h0": false
}