{
  "explainer_a": "DNN_PA-DeepLIFT",
  "explainer_b": "RF_PA-LIME",
  "spearman_mean": -0.025731872561701504,
  "spearman_std": 0.1288003087624524,
  "kendall_mean": -0.024322570815132297,
  "kendall_std": 0.10393439301981848,
  "top_k_intersection": {
    "5": 0.0,
    "10": 0.06119402985074627
  },
  "wilcoxon_statistic": 624.0,
  "wilcoxon_p_value": 0.0002950873311742095,
  "wilcoxon_reject_h0": true
}