{
  "explainer_a": "DNN_IG",
  "explainer_b": "RF_PA-SHAP",
  "spearman_mean": 0.4416133632657718,
  "spearman_std": 0.1338371750914097,
  "kendall_mean": 0.33860241463594326,
  "kendall_std": 0.10176414271525579,
  "top_k_intersection": {
    "5": 0.38109452736318405,
    "10": 0.24328358208955228
  },
  "wilcoxon_statistic": 742.0,
  "wilcoxon_p_value": 0.008449431924058483,
  "wilcoxon_reject_h0": true
}