{
  "explainer_a": "DNN_PA-IG",
  "explainer_b": "RF_SHAP",
  "spearman_mean": 0.411063445225807,
  "spearman_std": 0.16015391042580393,
  "kendall_mean": 0.3323867326040913,
  "kendall_std": 0.11993921211312226,
  "top_k_intersection": {
    "5": 0.5044776119402984,
    "10": 0.2786069651741293
  },
  "wilcoxon_statistic": 743.0,
  "wilcoxon_p_value": 0.0034649260601371835,
  "wilcoxon_reject_h0": true
}