{
  "explainer_a": "RF_PA-LIME",
  "explainer_b": "RF_PA-SHAP",
  "spearman_mean": 0.26374699089494574,
  "spearman_std": 0.04862545644301297,
  "kendall_mean": 0.20748706406674766,
  "kendall_std": 0.0369003757968589,
  "top_k_intersection": {
    "5": 0.1980099502487562,
    "10": 0.38457711442786074
  },
  "wilcoxon_statistic": 416.0,
  "wilcoxon_p_value": 1.661503130673531e-07,
  "wilcoxon_reject_h0": true
}