{
  "explainer_a": "RF_PA-SHAP",
  "explainer_b": "RF_SHAP",
  "spearman_mean": 0.927932535556313,
  "spearman_std": 0.0146968035025937,
  "kendall_mean": 0.7929117946370622,
  "kendall_std": 0.018644679267253668,
  "top_k_intersection": {
    "5": 0.6039800995024874,
    "10": 0.7308457711442786
  },
  "wilcoxon_statistic": 1034.0,
  "wilcoxon_p_value": 0.222396617793716,
  "wilcoxon_reject_h0": false
}