{
  "explainer_a": "DNN_SHAP",
  "explainer_b": "RF_PA-LIME",
  "spearman_mean": 0.2882948018997118,
  "spearman_std": 0.05010099128379975,
  "kendall_mean": 0.20083607159517264,
  "kendall_std": 0.03483813099744053,
  "top_k_intersection": {
    "5": 0.09076923076923077,
    "10": 0.2026923076923077
  },
  "wilcoxon_statistic": 280.0,
  "wilcoxon_p_value": 3.977322883417117e-09,
  "wilcoxon_reject_h0": true
}