{
  "explainer_a": "DNN_IG",
  "explainer_b": "RF_LIME",
  "spearman_mean": 0.26256436715411235,
  "spearman_std": 0.14235536477614777,
  "kendall_mean": 0.22095075165690847,
  "kendall_std": 0.11859651606991868,
  "top_k_intersection": {
    "5": 0.21461538461538462,
    "10": 0.29115384615384615
  },
  "wilcoxon_statistic": 296.0,
  "wilcoxon_p_value": 3.040458929551178e-08,
  "wilcoxon_reject_h0": true
}