{
  "explainer_a": "DNN_LIME",
  "explainer_b": "RF_PA-SHAP",
  "spearman_mean": -0.026083498784830034,
  "spearman_std": 0.09912197713588228,
  "kendall_mean": -0.02056946842661568,
  "kendall_std": 0.07990232521968835,
  "top_k_intersection": {
    "5": 0.04692307692307692,
    "10": 0.10115384615384615
  },
  "wilcoxon_statistic": 560.0,
  "wilcoxon_p_value": 3.888241306929857e-05,
  "wilcoxon_reject_h0": true
}