{
  "explainer_a": "DNN_PA-LIME",
  "explainer_b": "RF_PA-SHAP",
  "spearman_mean": 0.2588745710691465,
  "spearman_std": 0.07478156083208647,
  "kendall_mean": 0.1848840622766472,
  "kendall_std": 0.05142372582365751,
  "top_k_intersection": {
    "5": 0.2030769230769231,
    "10": 0.2446153846153846
  },
  "wilcoxon_statistic": 96.0,
  "wilcoxon_p_value": 8.198062698341554e-12,
  "wilcoxon_reject_h0": true
}