{
  "explainer_a": "DNN_SHAP",
  "explainer_b": "RF_SHAP",
  "spearman_mean": 0.648743496954901,
  "spearman_std": 0.06709923002251672,
  "kendall_mean": 0.47865724019570177,
  "kendall_std": 0.05522393082655316,
  "top_k_intersection": {
    "5": 0.21769230769230766,
    "10": 0.2707692307692308
  },
  "wilcoxon_statistic": 107.0,
  "wilcoxon_p_value": 1.7883186340939132e-10,
  "wilcoxon_reject_h0": true
}