{
  "explainer_a": "DNN_PA-DeepLIFT",
  "explainer_b": "RF_SHAP",
  "spearman_mean": 0.34531590534772927,
  "spearman_std": 0.08695053735743509,
  "kendall_mean": 0.25971998098402066,
  "kendall_std": 0.07058958127616555,
  "top_k_intersection": {
    "5": 0.10846153846153844,
    "10": 0.2888461538461538
  },
  "wilcoxon_statistic": 689.0,
  "wilcoxon_p_value": 0.0019346597973423714,
  "wilcoxon_reject_h0": true
}