{
  "explainer_a": "DNN_DeepLIFT",
  "explainer_b": "DNN_PA-IG",
  "spearman_mean": 0.13269355962260598,
  "spearman_std": 0.14674439081298973,
  "kendall_mean": 0.09957678355242335,
  "kendall_std": 0.1132924468119262,
  "top_k_intersection": {
    "5": 0.23307692307692304,
    "10": 0.2384615384615385
  },
  "wilcoxon_statistic": 250.0,
  "wilcoxon_p_value": 7.658308115989083e-08,
  "wilcoxon_reject_h0": true
}