{
  "explainer_a": "DNN_PA-SHAP",
  "explainer_b": "RF_PA-LIME",
  "spearman_mean": 0.2995395190325849,
  "spearman_std": 0.052302262233271876,
  "kendall_mean": 0.21258229562375577,
  "kendall_std": 0.03944565696680892,
  "top_k_intersection": {
    "5": 0.06153846153846154,
    "10": 0.16423076923076924
  },
  "wilcoxon_statistic": 261.0,
  "wilcoxon_p_value": 3.4395421067210813e-09,
  "wilcoxon_reject_h0": true
}