{
  "explainer_a": "DNN_PA-IG",
  "explainer_b": "RF_SHAP",
  "spearman_mean": 0.37181854099593353,
  "spearman_std": 0.0481601497426026,
  "kendall_mean": 0.2824246142260095,
  "kendall_std": 0.040562652509016583,
  "top_k_intersection": {
    "5": 0.2707692307692308,
    "10": 0.33000000000000007
  },
  "wilcoxon_statistic": 774.0,
  "wilcoxon_p_value": 0.009545493660278062,
  "wilcoxon_reject_h0": true
}