{
  "explainer_a": "DNN_IG",
  "explainer_b": "DNN_PA-SHAP",
  "spearman_mean": 0.31804118321369185,
  "spearman_std": 0.030763792578914033,
  "kendall_mean": 0.23764245396652628,
  "kendall_std": 0.022325039181538768,
  "top_k_intersection": {
    "5": 0.12692307692307692,
    "10": 0.345
  },
  "wilcoxon_statistic": 175.0,
  "wilcoxon_p_value": 1.7252364389286346e-09,
  "wilcoxon_reject_h0": true
}