{
  "explainer_a": "DNN_IG",
  "explainer_b": "DNN_PA-DeepLIFT",
  "spearman_mean": 0.27928716779073165,
  "spearman_std": 0.10090588636105807,
  "kendall_mean": 0.21445323860399917,
  "kendall_std": 0.0810136594306003,
  "top_k_intersection": {
    "5": 0.14846153846153845,
    "10": 0.18730769230769231
  },
  "wilcoxon_statistic": 792.0,
  "wilcoxon_p_value": 0.06679521034257345,
  "wilcoxon_reject_h0": false
}