{
  "explainer_a": "DNN_IG",
  "explainer_b": "DNN_PA-LIME",
  "spearman_mean": 0.19303799518650802,
  "spearman_std": 0.0790143254987815,
  "kendall_mean": 0.13568339781816327,
  "kendall_std": 0.05716850120656418,
  "top_k_intersection": {
    "5": 0.00923076923076923,
    "10": 0.07461538461538461
  },
  "wilcoxon_statistic": 486.0,
  "wilcoxon_p_value": 1.6046502648206364e-05,
  "wilcoxon_reject_h0": true
}