{
  "explainer_a": "DNN_DeepLIFT",
  "explainer_b": "DNN_PA-IG",
  "spearman_mean": 0.25177637657170776,
  "spearman_std": 0.12549856412957014,
  "kendall_mean": 0.19338245663874368,
  "kendall_std": 0.09441990774750991,
  "top_k_intersection": {
    "5": 0.09090909090909091,
    "10": 0.22727272727272727
  },
  "wilcoxon_statistic": 195.0,
  "wilcoxon_p_value": 2.286698282684042e-09,
  "wilcoxon_reject_h0": true
}