{
  "explainer_a": "DNN_DeepLIFT",
  "explainer_b": "RF_SHAP",
  "spearman_mean": 0.4503367389816585,
  "spearman_std": 0.09279828173010424,
  "kendall_mean": 0.3488753269216007,
  "kendall_std": 0.054613800261032436,
  "top_k_intersection": {
    "5": 0.18181818181818182,
    "10": 0.36363636363636365
  },
  "wilcoxon_statistic": 19.0,
  "wilcoxon_p_value": 1.1947368914090844e-12,
  "wilcoxon_reject_h0": true
}