{
  "explainer_a": "DNN_PA-SHAP",
  "explainer_b": "RF_SHAP",
  "spearman_mean": 0.35430877681119843,
  "spearman_std": 0.012924322738267272,
  "kendall_mean": 0.2429374561038646,
  "kendall_std": 0.00763096531887931,
  "top_k_intersection": {
    "5": 0.10909090909090909,
    "10": 0.19090909090909092
  },
  "wilcoxon_statistic": 247.0,
  "wilcoxon_p_value": 2.1285931410286296e-09,
  "wilcoxon_reject_h0": true
}