{
  "explainer_a": "DNN_IG",
  "explainer_b": "RF_LIME",
  "spearman_mean": 0.01976138405876847,
  "spearman_std": 0.11623097062371451,
  "kendall_mean": 0.013948084320025157,
  "kendall_std": 0.10000828175397256,
  "top_k_intersection": {
    "5": 0.12727272727272726,
    "10": 0.19999999999999998
  },
  "wilcoxon_statistic": 319.0,
  "wilcoxon_p_value": 1.0825387576592882e-07,
  "wilcoxon_reject_h0": true
}