{
  "explainer_a": "DNN_PA-DeepLIFT",
  "explainer_b": "RF_PA-LIME",
  "spearman_mean": 0.4012316070663531,
  "spearman_std": 0.09156942284844016,
  "kendall_mean": 0.2859248441200944,
  "kendall_std": 0.07370889567554859,
  "top_k_intersection": {
    "5": 0.07272727272727274,
    "10": 0.15454545454545457
  },
  "wilcoxon_statistic": 960.0,
  "wilcoxon_p_value": 0.13892950698891396,
  "wilcoxon_reject_h0": false
}