{
  "explainer_a": "DNN_DeepLIFT",
  "explainer_b": "RF_PA-LIME",
  "spearman_mean": 0.044377793747005206,
  "spearman_std": 0.16780201051813406,
  "kendall_mean": 0.02721716041927139,
  "kendall_std": 0.12624865521748688,
  "top_k_intersection": {
    "5": 0.018181818181818184,
    "10": 0.07272727272727274
  },
  "wilcoxon_statistic": 69.0,
  "wilcoxon_p_value": 4.287315738704011e-12,
  "wilcoxon_reject_h0": true
}