{
  "explainer_a": "DNN_IG",
  "explainer_b": "RF_PA-LIME",
  "spearman_mean": 0.045488840075677335,
  "spearman_std": 0.15777074539441055,
  "kendall_mean": 0.030698873806947437,
  "kendall_std": 0.1129922041529154,
  "top_k_intersection": {
    "5": 0.018181818181818184,
    "10": 0.06363636363636364
  },
  "wilcoxon_statistic": 1253.0,
  "wilcoxon_p_value": 0.8860959837911082,
  "wilcoxon_reject_h0": false
}