{
  "explainer_a": "DNN_IG",
  "explainer_b": "DNN_PA-IG",
  "spearman_mean": 0.24114499880156573,
  "spearman_std": 0.1269854003189664,
  "kendall_mean": 0.18428132983087886,
  "kendall_std": 0.09568650413217117,
  "top_k_intersection": {
    "5": 0.07272727272727274,
    "10": 0.15454545454545454
  },
  "wilcoxon_statistic": 857.0,
  "wilcoxon_p_value": 0.05349669087247599,
  "wilcoxon_reject_h0": false
}