{
  "explainer_a": "DNN_PA-LIME",
  "explainer_b": "RF_LIME",
  "spearman_mean": -0.033138064456223644,
  "spearman_std": 0.17418518537051353,
  "kendall_mean": -0.026740888430542873,
  "kendall_std": 0.1432279609652245,
  "top_k_intersection": {
    "5": 0.16363636363636364,
    "10": 0.2
  },
  "wilcoxon_statistic": 78.0,
  "wilcoxon_p_value": 4.032059644263003e-12,
  "wilcoxon_reject_h0": true
}