{
  "explainer_a": "DNN_PA-DeepLIFT",
  "explainer_b": "DNN_PA-SHAP",
  "spearman_mean": 0.521126466979839,
  "spearman_std": 0.14494014644261594,
  "kendall_mean": 0.4315526440657862,
  "kendall_std": 0.12158873936043636,
  "top_k_intersection": {
    "5": 0.18181818181818182,
    "10": 0.2636363636363636
  },
  "wilcoxon_statistic": 0.0,
  "wilcoxon_p_value": 3.5254980732707397e-12,
  "wilcoxon_reject_h0": true
}