{
  "explainer_a": "DNN_IG",
  "explainer_b": "RF_PA-SHAP",
  "spearman_mean": 0.44924720527981954,
  "spearman_std": 0.07876030675783542,
  "kendall_mean": 0.3514275833924858,
  "kendall_std": 0.055321974632785265,
  "top_k_intersection": {
    "5": 0.10909090909090909,
    "10": 0.2
  },
  "wilcoxon_statistic": 656.0,
  "wilcoxon_p_value": 0.004086030824070599,
  "wilcoxon_reject_h0": true
}