{
  "explainer_a": "DNN_PA-IG",
  "explainer_b": "RF_SHAP",
  "spearman_mean": 0.3261995984827535,
  "spearman_std": 0.07470481811015621,
  "kendall_mean": 0.2358547762055884,
  "kendall_std": 0.05247639370547366,
  "top_k_intersection": {
    "5": 0.0,
    "10": 0.1272727272727273
  },
  "wilcoxon_statistic": 1226.0,
  "wilcoxon_p_value": 0.7657397417515792,
  "wilcoxon_reject_h0": false
}