{
  "explainer_a": "DNN_IG",
  "explainer_b": "RF_PA-SHAP",
  "spearman_mean": 0.5308742268578345,
  "spearman_std": 0.045828328142905814,
  "kendall_mean": 0.46215913113768137,
  "kendall_std": 0.040885575897997246,
  "top_k_intersection": {
    "5": 0.26314152410575425,
    "10": 0.469362363919129
  },
  "wilcoxon_statistic": 1492.0,
  "wilcoxon_p_value": 0.6671504538340727,
  "wilcoxon_reject_h0": false
}