{
  "explainer_a": "DNN_PA-LIME",
  "explainer_b": "DNN_SHAP",
  "spearman_mean": 0.15521419806300604,
  "spearman_std": 0.07143745550866114,
  "kendall_mean": 0.1091766291911549,
  "kendall_std": 0.051226879392746234,
  "top_k_intersection": {
    "5": 0.15116640746500776,
    "10": 0.20388802488335928
  },
  "wilcoxon_statistic": 3238.0,
  "wilcoxon_p_value": 0.3046104146825789,
  "wilcoxon_reject_h0": false
}