{
  "explainer_a": "DNN_PA-IG",
  "explainer_b": "DNN_SHAP",
  "spearman_mean": 0.3854534226610052,
  "spearman_std": 0.06901714425233955,
  "kendall_mean": 0.32756545073656196,
  "kendall_std": 0.05712149435763484,
  "top_k_intersection": {
    "5": 0.4121306376360809,
    "10": 0.44867807153965783
  },
  "wilcoxon_statistic": 27.0,
  "wilcoxon_p_value": 4.758869137090152e-14,
  "wilcoxon_reject_h0": true
}