{
  "explainer_a": "DNN_PA-SHAP",
  "explainer_b": "RF_SHAP",
  "spearman_mean": 0.3969828961191766,
  "spearman_std": 0.030870935731664047,
  "kendall_mean": 0.28227732728653865,
  "kendall_std": 0.021280171655705515,
  "top_k_intersection": {
    "5": 0.16423017107309484,
    "10": 0.32317262830482113
  },
  "wilcoxon_statistic": 935.0,
  "wilcoxon_p_value": 4.633476427187343e-12,
  "wilcoxon_reject_h0": true
}