{
  "explainer_a": "DNN_IG",
  "explainer_b": "DNN_PA-IG",
  "spearman_mean": 0.6646685549011754,
  "spearman_std": 0.08353968244311025,
  "kendall_mean": 0.6446026731113669,
  "kendall_std": 0.07765072871997254,
  "top_k_intersection": {
    "5": 0.3972006220839813,
    "10": 0.47947122861586317
  },
  "wilcoxon_statistic": 470.0,
  "wilcoxon_p_value": 0.3198710446933244,
  "wilcoxon_reject_h0": false
}