{
  "explainer_a": "DNN_PA-IG",
  "explainer_b": "RF_SHAP",
  "spearman_mean": 0.427578292457674,
  "spearman_std": 0.07949357102173264,
  "kendall_mean": 0.3490309362695512,
  "kendall_std": 0.06405565594467083,
  "top_k_intersection": {
    "5": 0.36578538102643854,
    "10": 0.46702954898911353
  },
  "wilcoxon_statistic": 2403.0,
  "wilcoxon_p_value": 0.0043484005636386,
  "wilcoxon_reject_h0": true
}