{
  "explainer_a": "DNN_IG",
  "explainer_b": "RF_PA-LIME",
  "spearman_mean": 0.2237614444770894,
  "spearman_std": 0.06936301983374842,
  "kendall_mean": 0.17501256656667896,
  "kendall_std": 0.054981748852518414,
  "top_k_intersection": {
    "5": 0.027993779160186624,
    "10": 0.23716951788491447
  },
  "wilcoxon_statistic": 1291.0,
  "wilcoxon_p_value": 2.5169085272065846e-09,
  "wilcoxon_reject_h0": true
}