{
  "explainer_a": "DNN_DeepLIFT",
  "explainer_b": "RF_PA-LIME",
  "spearman_mean": 0.1957850269878047,
  "spearman_std": 0.10295073240731085,
  "kendall_mean": 0.1536334692050589,
  "kendall_std": 0.08112145340446236,
  "top_k_intersection": {
    "5": 0.016174183514774496,
    "10": 0.23483670295489892
  },
  "wilcoxon_statistic": 369.0,
  "wilcoxon_p_value": 3.2743193312686127e-17,
  "wilcoxon_reject_h0": true
}