{
  "explainer_a": "DNN_DeepLIFT",
  "explainer_b": "RF_LIME",
  "spearman_mean": 0.011727365149267185,
  "spearman_std": 0.10640422227681408,
  "kendall_mean": 0.011075009518456514,
  "kendall_std": 0.10140816559314456,
  "top_k_intersection": {
    "5": 0.06749611197511665,
    "10": 0.09564541213063764
  },
  "wilcoxon_statistic": 1761.0,
  "wilcoxon_p_value": 1.8049613379061125e-05,
  "wilcoxon_reject_h0": true
}