dataset,model,method,faithfulness_correlation,sparsity_mean,complexity_normalized,time_per_sample_ms,stability_jaccard_mean,completeness_success_rate
cic-ids-2017,DNN,SHAP,0.8567288404925469,0.8201410256410256,0.6991728763554882,87.3115674972534,1.0,1.0
cic-ids-2017,DNN,LIME,0.3133550643582705,0.8736871794871794,0.4956503164723425,133.38650670051575,0.39580400536282884,1.0
cic-ids-2017,DNN,IG,0.40698285596664024,0.8488615384615384,0.5588786852732355,0.7249896049499511,1.0,1.0
cic-ids-2017,DNN,DeepLIFT,0.33602443847547314,0.8493435897435897,0.5377883932309478,0.029430627822875977,1.0,1.0
cic-ids-2017,RF,SHAP,0.8214563695385215,0.6354205128205128,0.7967923796660447,12.364949989318847,1.0,1.0
cic-ids-2017,RF,LIME,0.34003251160541814,0.8730846153846153,0.4986401591016491,185.28820643424987,0.4619904605198723,1.0
cic-ids-2017,XGB,SHAP,0.719048006133276,0.7917384615384615,0.7039772058960969,0.08704819679260255,1.0,1.0
cic-ids-2017,XGB,LIME,0.2572397868034258,0.8896384615384615,0.4531269486542652,135.47286343574524,0.39490231990231983,1.0
