{
  "dnn": {
    "accuracy": 0.9864928350972203,
    "f1_weighted": 0.9865534548516751,
    "auc_roc": 0.9993727935351796,
    "train_time_seconds": 213.04836535453796
  },
  "rf": {
    "accuracy": 0.9954566448551261,
    "f1_weighted": 0.9946411465199555,
    "auc_roc": 0.9998049282388963,
    "train_time_seconds": 16.410433053970337
  },
  "xgb": {
    "accuracy": 0.9987293670820837,
    "f1_weighted": 0.9987535708644837,
    "auc_roc": 0.9999786916350879,
    "train_time_seconds": 20.67860770225525
  }
}