{
  "dnn": {
    "accuracy": 0.9839476047281024,
    "f1_weighted": 0.9839929305304741,
    "auc_roc": 0.9990840525699746,
    "train_time_seconds": 181.7249174118042
  },
  "rf": {
    "accuracy": 0.9954150172556311,
    "f1_weighted": 0.9947518010512579,
    "auc_roc": 0.9998264693307112,
    "train_time_seconds": 41.90464496612549
  },
  "xgb": {
    "accuracy": 0.998717473482228,
    "f1_weighted": 0.9987436915227474,
    "auc_roc": 0.9999750150216795,
    "train_time_seconds": 73.25965905189514
  },
  "cnn_lstm": {
    "accuracy": 0.9862153177672541,
    "f1_weighted": 0.9855493123570811,
    "auc_roc": 0.9991969474676264,
    "train_time_seconds": 1173.6881675720215,
    "grid_size": 11
  },
  "cnn_gru": {
    "accuracy": 0.9864393138978697,
    "f1_weighted": 0.9863396342792516,
    "auc_roc": 0.9992053336967668,
    "train_time_seconds": 2032.5748693943024,
    "grid_size": 11
  }
}