dataset,model,method,faithfulness_correlation,sparsity_mean,complexity_normalized,time_per_sample_ms,stability_jaccard_mean,completeness_success_rate,robustness_mean_deviation,robustness_rank_correlation_mean
unsw-nb15,DNN,SHAP,0.5097253012402422,0.8784723684210526,0.6070784802956977,64.2470677614212,1.0,1.0,0.35086873173713684,0.11361088174982911
unsw-nb15,DNN,LIME,0.25990936838769163,0.9038394736842106,0.44095047500006057,142.83421850204468,0.47222467075408253,1.0,2.5840011940136876,0.6201474231032127
unsw-nb15,DNN,IG,0.7698178745850894,0.891428947368421,0.5071174693647794,0.8353215456008911,1.0,1.0,1.1242470741271973,0.040242624743677374
unsw-nb15,DNN,DeepLIFT,0.5272108550499651,0.9540460526315789,0.21364950858980838,0.032197856903076166,nan,1.0,1161830.875,0.6489065208475736
unsw-nb15,RF,SHAP,0.771593138096762,0.796575,0.7219919591984579,22.471246480941772,1.0,1.0,0.5982934832572937,0.3058911825017088
unsw-nb15,RF,LIME,0.8131553699000018,0.9029605263157895,0.4554850439349963,205.37791035175323,0.6893828393828393,1.0,0.9684304848205109,0.24353492822966508
unsw-nb15,XGB,LIME,0.41464050739924824,0.9250776315789474,0.4196368443769167,148.07491927146913,0.49725829725829723,1.0,1.0114283787565705,0.3393853725222147
