{
  "dnn": {
    "accuracy": 0.8608638850330693,
    "f1_weighted": 0.8757487448122296,
    "auc_roc": 0.9852912138874463,
    "train_time_seconds": 163.1800262928009
  },
  "rf": {
    "accuracy": 0.8575324569282273,
    "f1_weighted": 0.8716721160874925,
    "auc_roc": 0.9858153484614324,
    "train_time_seconds": 22.726583242416382
  },
  "xgb": {
    "accuracy": 0.9006777169919163,
    "f1_weighted": 0.9050422072123352,
    "auc_roc": 0.9902288773381716,
    "train_time_seconds": 18.52922773361206
  }
}