{
  "DNN_SHAP": {
    "time_per_sample_ms": 86.64428510665893,
    "total_time_s": 433.2214255332947,
    "summary_plot_time_s": 1.8182392120361328
  },
  "DNN_LIME": {
    "time_per_sample_ms": 137.44529447555541,
    "total_time_s": 687.2264723777771,
    "summary_plot_time_s": 1.7782082557678223
  },
  "DNN_IG": {
    "time_per_sample_ms": 0.7161690235137939,
    "total_time_s": 3.5808451175689697,
    "summary_plot_time_s": 1.8012993335723877
  },
  "DNN_DeepLIFT": {
    "time_per_sample_ms": 0.02832379341125488,
    "total_time_s": 0.14161896705627441,
    "summary_plot_time_s": 1.7735252380371094
  },
  "RF_SHAP": {
    "time_per_sample_ms": 12.58761820793152,
    "total_time_s": 62.93809103965759,
    "summary_plot_time_s": 1.8080143928527832
  },
  "RF_LIME": {
    "time_per_sample_ms": 190.38155436515808,
    "total_time_s": 951.9077718257904,
    "summary_plot_time_s": 1.7760512828826904
  },
  "XGB_SHAP": {
    "time_per_sample_ms": 0.08392019271850586,
    "total_time_s": 0.4196009635925293,
    "summary_plot_time_s": 2.1192820072174072
  },
  "XGB_LIME": {
    "time_per_sample_ms": 138.2473542690277,
    "total_time_s": 691.2367713451385,
    "summary_plot_time_s": 1.7741024494171143
  }
}