{
  "DNN_SHAP": {
    "time_per_sample_ms": 87.3115674972534,
    "total_time_s": 436.5578374862671,
    "summary_plot_time_s": 1.850264310836792
  },
  "DNN_LIME": {
    "time_per_sample_ms": 133.38650670051575,
    "total_time_s": 666.9325335025787,
    "summary_plot_time_s": 1.804215669631958
  },
  "DNN_IG": {
    "time_per_sample_ms": 0.7249896049499511,
    "total_time_s": 3.624948024749756,
    "summary_plot_time_s": 1.7881591320037842
  },
  "DNN_DeepLIFT": {
    "time_per_sample_ms": 0.029430627822875977,
    "total_time_s": 0.14715313911437988,
    "summary_plot_time_s": 1.7690479755401611
  },
  "RF_SHAP": {
    "time_per_sample_ms": 12.364949989318847,
    "total_time_s": 61.82474994659424,
    "summary_plot_time_s": 2.13747239112854
  },
  "RF_LIME": {
    "time_per_sample_ms": 185.28820643424987,
    "total_time_s": 926.4410321712494,
    "summary_plot_time_s": 1.7913994789123535
  },
  "XGB_SHAP": {
    "time_per_sample_ms": 0.08704819679260255,
    "total_time_s": 0.4352409839630127,
    "summary_plot_time_s": 1.7844486236572266
  },
  "XGB_LIME": {
    "time_per_sample_ms": 135.47286343574524,
    "total_time_s": 677.3643171787262,
    "summary_plot_time_s": 1.7892498970031738
  }
}