{
  "explainer_a": "DNN_PA-DeepLIFT",
  "explainer_b": "RF_SHAP",
  "spearman_mean": 0.5902405190588778,
  "spearman_std": 0.13877174940271325,
  "kendall_mean": 0.4621635255826075,
  "kendall_std": 0.10613993467069406,
  "top_k_intersection": {
    "5": 0.33316,
    "10": 0.44095999999999996
  },
  "wilcoxon_statistic": 339.0,
  "wilcoxon_p_value": 1.2403528301962682e-07,
  "wilcoxon_reject_h0": true
}