{
  "explainer_a": "DNN_IG",
  "explainer_b": "DNN_LIME",
  "spearman_mean": -0.038915671087397255,
  "spearman_std": 0.10638550354560719,
  "kendall_mean": -0.03222238938236015,
  "kendall_std": 0.09304953712360382,
  "top_k_intersection": {
    "5": 0.18024,
    "10": 0.17246
  },
  "wilcoxon_statistic": 579.0,
  "wilcoxon_p_value": 0.00010320818626160379,
  "wilcoxon_reject_h0": true
}