{
  "explainer_a": "DNN_IG",
  "explainer_b": "DNN_PA-SHAP",
  "spearman_mean": 0.1487769514045061,
  "spearman_std": 0.18570123098974006,
  "kendall_mean": 0.10535511062251872,
  "kendall_std": 0.14011682001930809,
  "top_k_intersection": {
    "5": 0.36460000000000004,
    "10": 0.30492
  },
  "wilcoxon_statistic": 192.0,
  "wilcoxon_p_value": 7.860570119718131e-10,
  "wilcoxon_reject_h0": true
}