{
  "explainer_a": "DNN_IG",
  "explainer_b": "RF_PA-LIME",
  "spearman_mean": 0.1383148999697788,
  "spearman_std": 0.19328658837820065,
  "kendall_mean": 0.09786785736892586,
  "kendall_std": 0.1424647527546044,
  "top_k_intersection": {
    "5": 0.00372,
    "10": 0.046060000000000004
  },
  "wilcoxon_statistic": 1053.0,
  "wilcoxon_p_value": 0.03377777627528928,
  "wilcoxon_reject_h0": true
}