{
  "explainer_a": "DNN_PA-DeepLIFT",
  "explainer_b": "DNN_SHAP",
  "spearman_mean": 0.3942387254155602,
  "spearman_std": 0.19109278526794546,
  "kendall_mean": 0.3253781585354242,
  "kendall_std": 0.15518938770066884,
  "top_k_intersection": {
    "5": 0.43836,
    "10": 0.4355799999999999
  },
  "wilcoxon_statistic": 16.0,
  "wilcoxon_p_value": 7.089287824071238e-13,
  "wilcoxon_reject_h0": true
}