{
  "explainer_a": "DNN_IG",
  "explainer_b": "DNN_PA-DeepLIFT",
  "spearman_mean": 0.5936166220255633,
  "spearman_std": 0.15580678232075484,
  "kendall_mean": 0.533869919923525,
  "kendall_std": 0.13475765197577166,
  "top_k_intersection": {
    "5": 0.40996000000000005,
    "10": 0.42827999999999994
  },
  "wilcoxon_statistic": 348.0,
  "wilcoxon_p_value": 1.651838561457837e-07,
  "wilcoxon_reject_h0": true
}