{
  "explainer_a": "DNN_IG",
  "explainer_b": "DNN_PA-LIME",
  "spearman_mean": 0.07670866363628927,
  "spearman_std": 0.14534119044359198,
  "kendall_mean": 0.0547067585178135,
  "kendall_std": 0.10878392731932889,
  "top_k_intersection": {
    "5": 0.023920000000000004,
    "10": 0.11625999999999999
  },
  "wilcoxon_statistic": 1224.0,
  "wilcoxon_p_value": 0.21594333841667557,
  "wilcoxon_reject_h0": false
}