{
  "explainer_a": "DNN_PA-DeepLIFT",
  "explainer_b": "RF_PA-SHAP",
  "spearman_mean": 0.5243352147526473,
  "spearman_std": 0.14331743693086688,
  "kendall_mean": 0.4098050109630258,
  "kendall_std": 0.10847490139546623,
  "top_k_intersection": {
    "5": 0.33703999999999995,
    "10": 0.37493999999999994
  },
  "wilcoxon_statistic": 343.0,
  "wilcoxon_p_value": 1.409250959970116e-07,
  "wilcoxon_reject_h0": true
}