{
  "explainer_a": "DNN_PA-IG",
  "explainer_b": "RF_PA-SHAP",
  "spearman_mean": 0.5206565393843855,
  "spearman_std": 0.14174998692250343,
  "kendall_mean": 0.406852444419675,
  "kendall_std": 0.10657857128188222,
  "top_k_intersection": {
    "5": 0.31348000000000004,
    "10": 0.32436000000000004
  },
  "wilcoxon_statistic": 440.0,
  "wilcoxon_p_value": 2.648171549659987e-06,
  "wilcoxon_reject_h0": true
}