{
  "explainer_a": "DNN_DeepLIFT",
  "explainer_b": "RF_PA-LIME",
  "spearman_mean": 0.11885786021440968,
  "spearman_std": 0.18499368670868954,
  "kendall_mean": 0.0829219926257369,
  "kendall_std": 0.13489601465635154,
  "top_k_intersection": {
    "5": 0.0015600000000000002,
    "10": 0.04406
  },
  "wilcoxon_statistic": 371.0,
  "wilcoxon_p_value": 1.5704979899519834e-08,
  "wilcoxon_reject_h0": true
}