{
  "explainer_a": "DNN_IG",
  "explainer_b": "RF_LIME",
  "spearman_mean": 0.010131266884863472,
  "spearman_std": 0.1306206600266412,
  "kendall_mean": 0.010204892436798911,
  "kendall_std": 0.11626954716407085,
  "top_k_intersection": {
    "5": 0.13427999999999998,
    "10": 0.15552
  },
  "wilcoxon_statistic": 348.0,
  "wilcoxon_p_value": 1.651838561457837e-07,
  "wilcoxon_reject_h0": true
}