{
  "explainer_a": "RF_PA-SHAP",
  "explainer_b": "RF_SHAP",
  "spearman_mean": 0.8495807023506117,
  "spearman_std": 0.060839421441060894,
  "kendall_mean": 0.6850081500629737,
  "kendall_std": 0.0747926965379527,
  "top_k_intersection": {
    "5": 0.4180400000000001,
    "10": 0.57314
  },
  "wilcoxon_statistic": 1179.0,
  "wilcoxon_p_value": 0.710180564427969,
  "wilcoxon_reject_h0": false
}